compound_id,smiles_raw,iupac_name,mw,lcms_text,nmr_1h_text,provenance_file,provenance_sheet,provenance_row,flag_asterisk,flag_imaging_conflict,flag_smiles_o3_changed
1,CC(=O)/C1=C(\S(C)=O)NC2=C(Br)C=CC(Cl)=C2C1=O,3-acetyl-8-bromo-5-chloro-2-(methylsulfinyl)quinol in-4(1H)-one,362.62,363,"¹H NMR (300 MHz, CDCl3)δ11.13 (br, 1H), 7.81 (d, J= 8.4 Hz, 1H), 7.37 (d, J= 8.4 Hz, 1H), 3.02 (s, 3H), 2.78 (s, 3H).",data/bronze/artifacts/2017_raw.xlsx,표3,3,False,False,False
2,CS/C1=C(\C(C)=O)C(=O)C2=C(Cl)C=CC(Br)=C2N1,3-acetyl-8-bromo-5-chloro-2-(methylthio)quinolin-4(1H)-one,346.63,348,"¹H NMR (300 MHz, CDCl3) δ8.67(s,1H),7.91-7.88(d,J=8.19 Hz, 1H), 7.71-7.68(d, J=8.49 Hz, 1H), 2.97(s, 3H), 2.79(s, 3H).",data/bronze/artifacts/2017_raw.xlsx,표3,4,False,False,False
3,CC(=O)/C1=C(\SCC2=CC=CC=C2)NC2=C(Br)C=CC(Cl)=C2C1=O,3-acetyl-2-(benzylthio)-8-bromo-5-chloroquinolin-4(1H)-one,422.72,423,"¹H NMR (300 MHz, CDCl3)δ16.43 (s, 0.5H), 8.59 (br, 0.5H), 7.91 (d, J= 8.3 Hz, 1H), 7.62 (d, J= 8.4 Hz, 0.5H), 7.48 7.52 (m, 3H), 7.27 7.43 (m, 5H), 7.22 (d, J= 8.4 Hz, 0.5H), 4.80 (s, 2H), 4.32 (s, 1H), 2.93 (s, 3H), 2.69 (s, 1.5H).",data/bronze/artifacts/2017_raw.xlsx,표3,5,False,False,False
4,CC(=O)/C1=C(\S(=O)CC2=CC=CC=C2)NC2=C(Br)C=CC(Cl)=C2C1=O,3-acetyl-2-(benzylsulfinyl)-8-bromo-5-chloroquinolin-4(1H)-one,438.72,439,"¹H NMR (300 MHz, CDCl3)δ10.24 (br, 1H), 7.67 (d, J= 8.4 Hz, 1H), 7.29 (d, J= 8.4 Hz, 1H), 7.13 7.22 (m, 3H), 7.08 7.11 (m, 2H), 4.59 4.25 (m, 2H), 2.84 (s, 3H).",data/bronze/artifacts/2017_raw.xlsx,표3,6,False,False,False
5,CS/C1=C(\C(C)=O)C(=O)C2=C(Cl)C=CC(Br)=C2N1C,3-acetyl-8-bromo-5-chloro-1-methyl-2-(methylthio)quinolin-4(1H)-one,360.65,360,"¹H NMR (300 MHz, CDCl3) δ7.92-7.89(d,J=8.22 Hz, 1H), 7.36-7.33(d, J=8.13 Hz, 1H), 3.89(s, 3H), 2.74(s, 3H), 2.65(s, 3H).",data/bronze/artifacts/2017_raw.xlsx,표3,7,False,False,False
6,CC(=O)/C1=C(\S(C)=O)NC2=C(Cl)C=CC(Cl)=C2C1=O,"3-acetyl-5,8-dichloro-2-(methylsulfinyl)quinolin-4(1H)-one",318.17,318,"¹H NMR (300 MHz, CDCl3) δ11.07(s,1H),7.67-7.64(d,J=8.46 Hz, 1H), 7.44-7.41(d, J=8.46 Hz, 1H), 3.02(s, 3H), 2.78(s, 3H).",data/bronze/artifacts/2017_raw.xlsx,표3,8,False,False,False
7,CS/C1=C(\C(C)=O)C(=O)C2=CC(F)=CC=C2N1C,3-acetyl-6-fluoro-1-methyl-2-(methylthio)quinolin-4(1H)-one,265.3,266,"¹H NMR (300 MHz, CDCl3) δ7.92-7.87(q,J=5.1, 3.99 Hz, 1H), 7.69-7.65(q, J=2.88, 6.45 Hz, 1H), 7.48-7.39(m, 1H), 4.53-4.46(q, J=7.14, 7.14 Hz, 2H), 4.08(s, 3H), 3.66(s, 3H), 1.48-1.44(t, J=7.14 Hz, 3H).",data/bronze/artifacts/2017_raw.xlsx,표3,9,False,False,False
8,CS/C1=C(\C(C)=O)C(=O)C2=CC(F)=CC=C2N1,1-(6-fluoro-4-hydroxy-2-(methylthio)quinolin-3-yl)ethan-1-one,251.28,252,"¹H NMR (300 MHz, CDCl3) δ7.83-7.78(m,2H),7.49-7.42(m,1H),4.59- 4.52(q,J=7.14 Hz, 2H), 2.58(s, 3H), 1.56-1.51(t, J=7.14 Hz, 3H).",data/bronze/artifacts/2017_raw.xlsx,표3,10,False,False,False
9,CC(=O)/C1=C(\S(C)=O)N(C(=O)C2=CC=C(Br)C=C2)C2=C(Br)C=CC(Cl)=C2C1=O,3-acetyl-8-bromo-1-(4-bromobenzoyl)-5-chloro-2-(methylsulfinyl)quinolin-4(1H)-one,545.63,544,"¹H NMR (300 MHz, CDCl3) δ8.09-8.07(d,J=5.73 Hz, 1H), 8.06-8.04(d, J=6.15 Hz, 2H), 7.73-7.70(d, J=8.58 Hz, 2H), 7.56-7.54(d, J=8.22 Hz, 1H), 3.15(s, 3H), 2.63(s, 3H).",data/bronze/artifacts/2017_raw.xlsx,표3,11,False,False,False
10,CC(=O)/C1=C(\SCC2=CC=C(Cl)C=C2)NC2=C(Br)C=CC(Cl)=C2C1=O,3-acetyl-8-bromo-5-chloro-2-((4-chlorobenzyl)thio)quinolin-4(1H)-one,457.16,456,"¹H NMR (300 MHz, DMSO) δ 7.65-7.62(d, J=8.13 Hz, 1H), 7.45-7.42(d, J=6.69 Hz, 2H), 7.29-7.26(d, J=8.34 Hz, 2H), 6.91-6.88(d, J=8.19 Hz, 1H), 4.44(s, 2H), 2.40(s, 3H).",data/bronze/artifacts/2017_raw.xlsx,표3,12,False,False,False
11,CC(=O)/C1=C(\S(=O)CC2=CC=C(Cl)C=C2)NC2=C(Br)C=CC(Cl)=C2C1=O,3-acetyl-8-bromo-5-chloro-2-((4-chlorobenzyl)sulfinyl)quinolin-4(1H)-one,473.16,472,"¹H NMR (300 MHz, CDCl3) δ10.21(s,1H),7.73-7.71(d,J=8.43 Hz, 1H), 7.33-7.31(d, J=8.37 Hz, 1H), 7.18-7.15(d, J=9 Hz, 2H), 7.05-7.03(d, J=8.25 Hz, 2H), 4.37(s, 2H), 2.84(s, 3H).",data/bronze/artifacts/2017_raw.xlsx,표3,13,False,False,False
12,CC(=O)/C1=C(\SC2=CC=CC=C2)NC2=C(Br)C=CC(Cl)=C2C1=O,3-acetyl-8-bromo-5-chloro-2-(phenylthio)quinolin-4(1H)-one,408.69,408,"¹H NMR (300 MHz, MeOD) δ 7.51-7.48(m, 2H), 7.46-7.43(d, J=8.11 Hz, 1H), 7.31-7.28(d, J=7.71 Hz, 3H), 6.81-6.78(d, J=8.19 Hz, 1H).",data/bronze/artifacts/2017_raw.xlsx,표3,14,False,False,False
13,CC(=O)/C1=C(\S(=O)C2=CC=CC=C2)NC2=C(Br)C=CC(Cl)=C2C1=O,3-acetyl-8-bromo-5-chloro-2-(phenylsulfinyl)quinolin-4(1H)-one,424.69,424,"¹H NMR (300 MHz, CDCl3) δ7.84-7.75(m,2H),7.68-7.64(m,2H),7.52- 7.50(d,J=8.43 Hz, 1H), 7.48-7.45(m, 1H), 7.38-7.35(d, J=8.43 Hz, 1H), 2.78(s, 3H).",data/bronze/artifacts/2017_raw.xlsx,표3,15,False,False,False
14,COC1=CC=CC=C1S/C1=C(\C(C)=O)C(=O)C2=C(Cl)C=CC(Br)=C2N1,3-acetyl-8-bromo-5-chloro-2-((2-methoxyphenyl)thio)quinolin-4(1H)-one,438.72,438,"¹H NMR (300 MHz, CDCl3) δ8.55(s,1H),7.709(m,1H),7.633(m,1H),7. 511(d,1H,J= 8.43 Hz), 7.158(m, 3H), 3.861(s, 3H), 2.781(s, 3H).",data/bronze/artifacts/2017_raw.xlsx,표3,16,False,False,False
15,COC1=CC=CC=C1S(=O)/C1=C(\C(C)=O)C(=O)C2=C(Cl)C=CC(Br)=C2N1,3-acetyl-8-bromo-5-chloro-2-((2-methoxyphenyl)sulfinyl)quinolin-4(1H)-one,454.72,454,"¹H NMR (300 MHz, CDCl3)δ7.84(d,J = 8.4 Hz, 1H), 7.383 (d, J = 8.4 Hz, 1H),7.53 (m, 1H), 7.415 (m, 1H), 6.949 (s, 1H), 6.956 (s, 1H), 3.86 (s, 3H), 2.634 (s, 3H)",data/bronze/artifacts/2017_raw.xlsx,표3,17,False,False,False
16,CC(=O)/C1=C(\SC2=CC=C(Br)C=C2)NC2=C(Br)C=CC(Cl)=C2C1=O,3-acetyl-8-bromo-2-((4-bromophenyl)thio)-5-chloroquinolin-4(1H)-one,487.59,486,"¹H NMR (300 MHz, CDCl3) δ8.30(s,1H),7.779(d,J=8.4Hz, 2H), 7.614(d, J=8.46Hz, 2H), 7.541(d, J=8.4Hz, 1H), 7.183(d, J=8.46Hz, 1H), 2.77(s, 3H).",data/bronze/artifacts/2017_raw.xlsx,표3,18,False,False,False
17,CC(=O)/C1=C(\S(=O)C2=CC=C(Br)C=C2)NC2=C(Br)C=CC(Cl)=C2C1=O,3-acetyl-8-bromo-2-((4-bromophenyl)sulfinyl)-5-chloroquinolin-4(1H)-one,503.59,502,"¹H NMR (300 MHz, CDCl3) δ11.37(s,1H),7.84-7.81(d,J=8.46 Hz, 1H), 7.73-7.70(d, J=8.73 Hz, 2H), 7.60-7.57(d, J=8.67 Hz, 2H), 7.39-7.38(d, J=8.43 Hz, 1H), 2.70(s, 3H).",data/bronze/artifacts/2017_raw.xlsx,표3,19,False,False,False
18,CS/C1=C(\C(C)=O)C(=O)C2=C(Cl)C=CC(Br)=C2N1C(C)=O,"1,1'-(8-bromo-5-chloro-2-(methylthio)-4-oxoquinoline-1,3(4H)-diyl)bis(ethan-1-one)",388.66,388,"¹H NMR (300 MHz, MeOD) δ 7.84 (d, J=8.25, 1H), 7.19(d, J=8.25, 1H), 2.72(s, dH), 2.57(s, 3H), 2.18(s, 3H).",data/bronze/artifacts/2017_raw.xlsx,표3,20,False,False,False
19,CC(=O)/C1=C(\S(C)=O)N(C(C)=O)C2=C(Br)C=CC(Cl)=C2C1=O,"1,1'-(8-bromo-5-chloro-2-(methylsulfinyl)-4-oxoquinoline-1,3(4H)-diyl)bis(ethan-1-one)",404.66,404,"¹H NMR(300MHz,CDCl3)δ 8.07(m,1H),7.60(m,1H),3.03(s,3H),3.02 (s,3H),2.78(s,3H).",data/bronze/artifacts/2017_raw.xlsx,표3,21,False,False,False
20,CC(=O)/C1=C(\S(=O)CC2=CC=CC=C2)N(C(=O)C2=CC=C(Br)C=C2)C2=C(Br)C=CC(Cl)=C2C1=O,3-acetyl-2-(benzylsulfinyl)-8-bromo-1-(4-bromobenzoyl)-5-chloroquinolin-4(1H)-one,621.72,620,"¹H NMR (300 MHz, (CD3)2CO) δ7.96-7.93(d,J=8.22 Hz, 1H), 7.73-7.60(m, 7H), 7.45-7.42(d, J=8.25 Hz, 2H), 7.16-7.13(d, J=8.19 Hz, 1H), 2.86(s, 3H).",data/bronze/artifacts/2017_raw.xlsx,표3,22,False,False,False
21,CC(=O)/C1=C(\S(C)(=O)=O)N(C(=O)C2=CC=C(Br)C=C2)C2=C(Br)C=CC(Cl)=C2C1=O,3-acetyl-8-bromo-1-(4-bromobenzoyl)-5-chloro-2-(methylsulfonyl)quinolin-4(1H)-one,561.63,560,"¹H NMR (300 MHz, CDCl3)δ8.10(d,J=8.22 Hz, 1H), 8.03-7.67 (dd, J=8.61, 88.8 Hz, 4H), 7.60(J=8.22 Hz, 1H), 3.53(s, 3H), 2.67(s, 3H).",data/bronze/artifacts/2017_raw.xlsx,표3,23,False,False,False
22,CC(=O)/C1=C(\S(C)=O)N(CC2=CC(Cl)=C(F)C=C2)C2=C(Br)C=CC(Cl)=C2C1=O,3-acetyl-8-bromo-5-chloro-1-(3-chloro-4-fluorobenzyl)-2-(methylsulfinyl)quinolin-4(1H)-one,505.18,504,"¹H NMR(300MHz,CDCl3)δ7.42- 7.37(m,2H),7.24- 7.09(m,3H),4.49(s,2H),3.44(s,3H),2.14 (s,3H).",data/bronze/artifacts/2017_raw.xlsx,표3,24,False,False,False
23,CC(=O)/C1=C(\SCC2=CC=CC=C2)N(C(=O)C2=CC=C(Br)C=C2)C2=C(Br)C=CC(Cl)=C2C1=O,3-acetyl-2-(benzylthio)-8-bromo-1-(4-bromobenzoyl)-5-chloroquinolin-4(1H)-one,605.73,604,"¹H NMR (300 MHz, CDCl3) δ8.06-8.03(d,J=8.28 Hz, 1H), 7.93-7.91(d, J= 8.64 Hz, 2H), 7.71-7.68(d, 8.64 Hz, 2H), 7.54-7.51(d, J=7.02 Hz, 2H), 7.49-7.46(d, J=8.25 Hz, 1H), 7.30-7.27(d, J=7.33 Hz, 2H), 6.97(s, 1H), 4.71(s, 2H).",data/bronze/artifacts/2017_raw.xlsx,표3,25,False,False,False
24,CC(=O)/C1=C(\SC(C)C)NC2=C(Br)C=CC(Cl)=C2C1=O,3-acetyl-8-bromo-5-chloro-2-(isopropylthio)quinolin-4(1H)-one,374.68,374,"¹H NMR (300 MHz, CDCl3) δ16.32(s,1H),7.77-7.86(d,J=8.13 Hz, 1H), 7.26-7.23(d, J=8.61 HZ, 1H), 4.54-4.45(m, 1H), 2.94(s, 3H), 1.54-1.51(m, 6H).",data/bronze/artifacts/2017_raw.xlsx,표3,26,False,False,False
25,CC(=O)/C1=C(\S(=O)C(C)C)NC2=C(Br)C=CC(Cl)=C2C1=O,3-acetyl-8-bromo-5-chloro-2-(isopropylsulfinyl)quinolin-4(1H)-one,390.68,390,"¹H NMR (300 MHz, CDCl3) δ10.99(s,1H),7.80-7.77(d,J=8.37 Hz, 1H), 7.36-7.34(d, J=8.4 Hz, 1H), 3.61-3.51(m, 1H), 2.77(s, 3H), 1.63-1.61(d, J=7.12 Hz, 3H), 1.01-0.99(d, J=6.78 Hz, 3H).",data/bronze/artifacts/2017_raw.xlsx,표3,27,False,False,False
26,CC(=O)/C1=C(\S(=O)C(C)C2=CC=CC=C2)NC2=C(Br)C=CC(Cl)=C2C1=O,3-acetyl-8-bromo-5-chloro-2-((1-phenylethyl)sulfinyl)quinolin-4(1H)-one,452.75,452,"¹H NMR (300 MHz, CDCl3) δ11.06(br,1H),7.82(d,J= 8.4 Hz, 1H), 7.60-7.65 (m, 2H), 7.41-7.50 (m, 3H), 7.38 (d, J= 8.5 Hz, 1H), 4.72 (q, J= 7.3 Hz, 1H), 2.84 (s, 3H), 1.42 (d, J= 7.1 Hz, 3H).",data/bronze/artifacts/2017_raw.xlsx,표3,28,False,False,False
27,CC(=O)/C1=C(\SCC2=CC=CC(C#N)=C2)NC2=C(Br)C=CC(Cl)=C2C1=O,"3-(((3-acetyl-8-bromo-5-chloro-4-oxo-1,4-dihydroquinolin-2-yl)thio)methyl)benzonitrile",447.73,447,"¹H NMR (300 MHz, CDCl3)δ7.92(d,J= 8.3 Hz, 1H), 7.83 (s, 1H), 7.76 (d, J= 7.9 Hz, 1H), 7.55 (d, J= 7.7 Hz, 1H), 7.42 (t, J= 7.8 Hz, 1H), 7.32 (d, J= 8.3 Hz, 1H), 4.82 (s, 2H), 2.94 (s, 3H).",data/bronze/artifacts/2017_raw.xlsx,표3,29,False,False,False
28,CC(=O)/C1=C(\S(=O)CC2=CC=CC(C#N)=C2)NC2=C(Br)C=CC(Cl)=C2C1=O,"3-(((3-acetyl-8-bromo-5-chloro-4-oxo-1,4-dihydroquinolin-2-yl)sulfinyl)methyl)benzonitrile",463.73,463,"¹H NMR (300 MHz, CDCl3) δ10.27(br,1H),7.72(d,J= 8.5 Hz, 1H), 7.53-7.57 (m, 1H), 7.27-7.40 (m, 2H), 4.59 4.22 (m, 2H), 2.85 (s, 3H).",data/bronze/artifacts/2017_raw.xlsx,표3,30,False,False,False
29,CC(=O)/C1=C(\S(=O)CC2=CC=C(F)C=C2F)NC2=C(Br)C=CC(Cl)=C2C1=O,"3-acetyl-8-bromo-5-chloro-2-((2,4-difluorobenzyl)sulfinyl)quinolin-4(1H)-one",474.7,474,"¹H NMR (300 MHz, CDCl3) δ10.34(br,1H),7.74(d,J= 8.4 Hz, 1H), 7.35 (d, J= 8.4 Hz, 1H), 7.20-7.28 (m, 1H), 6.81-6.87 (m, 1H), 6.60-6.75 (m, 1H), 4.53 (dd, J= 48.9, 13.2 Hz, 2H), 2.85 (s, 3H).",data/bronze/artifacts/2017_raw.xlsx,표3,31,False,False,False
30,CC(=O)/C1=C(\SCC2=CC=C(F)C(Cl)=C2)NC2=C(Br)C=CC(Cl)=C2C1=O,3-acetyl-8-bromo-5-chloro-2-((3-chloro-4-fluorobenzyl)thio)quinolin-4(1H)-one,475.15,474,"¹H NMR (300 MHz, CDCl3)δ7.92(d,J= 8.3 Hz, 1H), 7.83 (s, 1H), 7.76 (d, J= 7.9 Hz, 1H), 7.55 (d, J= 7.7 Hz, 1H), 7.42 (t, J= 7.8 Hz, 1H), 7.32 (d, J= 8.3 Hz, 1H), 4.82 (s, 2H), 2.94 (s, 3H).",data/bronze/artifacts/2017_raw.xlsx,표3,32,False,False,False
31,CC(=O)/C1=C(\S(=O)CC2=CC=C(F)C(Cl)=C2)NC2=C(Br)C=CC(Cl)=C2C1=O,3-acetyl-8-bromo-5-chloro-2-((3-chloro-4-fluorobenzyl)sulfinyl)quinolin-4(1H)-one,491.15,490,"¹H NMR (300 MHz, CDCl3) δ10.27(br,1H),7.73(d,J= 8.4 Hz, 1H), 7.33 (d, J= 8.4 Hz, 1H), 7.22-7.24 (m, 1H), 6.95-6.98 (m, 2H), 4.33 (q, J= 12.8 Hz, 2H), 2.84 (s, 3H).",data/bronze/artifacts/2017_raw.xlsx,표3,33,False,False,False
32,CC(=O)/C1=C(\SCC2=CC=C(N(O)=O)C=C2)NC2=C(Br)C=CC(Cl)=C2C1=O,3-acetyl-8-bromo-5-chloro-2-((4-nitrobenzyl)thio)quinolin-4(1H)-one,467.72,467,"¹H NMR (300 MHz, CDCl3)δ8.16(d,J= 8.6 Hz, 2H), 7.92 (d, J= 8.3 Hz, 1H), 7.69 (d, J= 8.6 Hz, 2H), 7.32 (d, J= 8.2 Hz, 1H), 4.90 (s, 2H), 2.94 (s, 3H).",data/bronze/artifacts/2017_raw.xlsx,표3,34,False,False,False
33,CC(=O)/C1=C(\S(=O)CC2=CC=C(N(O)=O)C=C2)NC2=C(Br)C=CC(Cl)=C2C1=O,3-acetyl-8-bromo-5-chloro-2-((4-nitrobenzyl)sulfinyl)quinolin-4(1H)-one,483.72,483,"¹H NMR (300 MHz, CDCl3) δ10.23(br,1H),8.08(d,J= 8.7 Hz, 2H), 7.70 (d, J= 8.4 Hz, 1H), 7.34 (dd, J= 8.5, 3.9 Hz, 3H), 4.49 (dd, J= 27.8, 12.6 Hz, 2H), 2.85 (s, 3H).",data/bronze/artifacts/2017_raw.xlsx,표3,35,False,False,False
34,CC(=O)/C1=C(\S(=O)(=O)CC2=CC=CC=C2)NC2=C(Br)C=CC(Cl)=C2C1=O,3-acetyl-2-(benzylsulfonyl)-8-bromo-5-chloroquinolin-4(1H)-one,454.72,454,"¹H NMR (300 MHz, CDCl3) δ10.25(s,1H),7.66(d,J=8.46 Hz, 1H), 7.28(d, J=8.43 Hz, 1H), 7.20-7.08(m, 5H), 4.41(d, J=3, 2H), 2.84(s, 3H).",data/bronze/artifacts/2017_raw.xlsx,표3,36,False,False,False
35,CS/C1=C(\C(C)=O)C(=O)C2=C(Cl)C=CC(Br)=C2N1S(C)(=O)=O,3-acetyl-8-bromo-5-chloro-1-(methylsulfonyl)-2-(methylthio)quinolin-4(1H)-one,424.71,424,"¹H NMR (300 MHz, CDCl3)δ7.96(d,J=8.25 Hz, 1H), 7.42(d, J=8.28 Hz, 1H), 3.30(s, 3H), 2.76(s, 3H), 2.73(s, 3H).",data/bronze/artifacts/2017_raw.xlsx,표3,37,False,False,False
36,CC(=O)/C1=C(\S(C)=O)N(S(=O)(=O)C(F)(F)F)C2=C(Br)C=CC(Cl)=C2C1=O,3-acetyl-8-bromo-5-chloro-2-(methylsulfinyl)-1-((trifluoromethyl)sulfonyl)quinolin-4(1H)-one,494.68,494,"¹H NMR (300 MHz, CDCl3) δ8.08-8.05(d,J=8.22 Hz, 1H), 7.69-7.65(d, J=8.25 Hz, 1H), 3.11(s, 3H), 2.78(s, 3H).",data/bronze/artifacts/2017_raw.xlsx,표3,38,False,False,False
37,CS/C1=C(\C(C)=O)C(=O)C2=C(Cl)C=CC(Br)=C2N1S(=O)(=O)C1=CC=C(Cl)C=C1,3-acetyl-8-bromo-5-chloro-1-((4-chlorophenyl)sulfonyl)-2-(methylthio)quinolin-4(1H)-one,521.22,520,"¹H NMR (300 MHz, CDCl3) δ7.93-7.91(d,J=8.22 Hz, 1H), 7.74-7.71(d, J=8.7 Hz, 2H), 7.50-7.47(d, J=8.61 Hz, 2H), 7.32-7.30(d, J=8.25 Hz, 1H), 2.71(s, 3H), 2.62(s, 3H).",data/bronze/artifacts/2017_raw.xlsx,표3,39,False,False,False
38,CS/C1=C(\C(C)=O)C(=O)C2=C(Cl)C=CC(Br)=C2N1S(=O)(=O)C1=CC=C(N(O)=O)C=C1,3-acetyl-8-bromo-5-chloro-2-(methylthio)-1-((4-nitrophenyl)sulfonyl)quinolin-4(1H)-one,531.78,531,"¹H NMR (300 MHz, CDCl3) δ8.39-8.36(d,J=8.85 Hz, 2H), 8.03-8.00(d, J=8.85, 2H), 7.96-9.93 (d, J=8.22 Hz, 1H), 7.35-7.32(d, J=8.22 Hz, 1H), 2.74(s, 3H), 2.62(s, 3H).",data/bronze/artifacts/2017_raw.xlsx,표3,40,False,False,False
39,CCS(=O)(=O)N1C2=C(Br)C=CC(Cl)=C2C(=O)/C(C(C)=O)=C\1S(C)=O,3-acetyl-8-bromo-5-chloro-1-(ethylsulfonyl)-2-(methylsulfinyl)quinolin-4(1H)-one,454.73,454,"¹H NMR (300 MHz, CDCl3) δ7.96-7.93(d,J=8.23 Hz, 1H), 7.42-7.39(d, J=8.16 Hz, 1H), 3.54-3.46(q, J=7.41, 7.5 Hz, 2H), 2.76(s, 3H), 2.73(s, 3H), 1.58-1.53(t, J=7.38,7.44, 3H).",data/bronze/artifacts/2017_raw.xlsx,표3,41,False,False,False
40,CS/C1=C(\C(C)=O)C(=O)C2=C(Cl)C=CC(Br)=C2N1S(=O)(=O)C1=CC=C(C(C)(C)C)C=C1,3-acetyl-8-bromo-1-((4-(tert-butyl)phenyl)sulfonyl)-5-chloro-2-(methylthio)quinolin-4(1H)-one,542.89,542,"¹H NMR (300 MHz, CDCl3) δ7.88-7.85(d,J=8.16 Hz, 1H), 7.69-7.66(d, J=8.67 Hz, 2H), 7.47-7.44(d, J=8.7 Hz, 2H), 7.25-7.23(d, J = 8.13 Hz, 1H), 2.71(s, 3H), 2.63(s, 3H), 1.33 (s, 9H).",data/bronze/artifacts/2017_raw.xlsx,표3,42,False,False,False
41,CC(=O)/C1=C(\S(C)(=O)=O)N(S(=O)(=O)C2=CC=C(C(C)(C)C)C=C2)C2=C(Br)C=CC(Cl)=C2C1=O,3-acetyl-8-bromo-1-((4-(tert-butyl)phenyl)sulfonyl)-5-chloro-2-(methylsulfonyl)quinolin-4(1H)-one,574.89,574,"¹H NMR (300 MHz, CDCl3) δ8.10-8.07(d,J=8.22 Hz, 1H), 7.80-7.78(d, J=8.64 Hz, 2H), 7.62-7.59(d, J=8.25 Hz, 1H), 7.58-7.55(d, J = 8.64 Hz, 2H), 3.48(s, 3H), 2.71(s, 3H), 1.37(s, 9H).",data/bronze/artifacts/2017_raw.xlsx,표3,43,False,False,False
42,CC(=O)/C1=C(\S(C)=O)N(S(=O)(=O)C2=CC=C(C(C)(C)C)C=C2)C2=C(Br)C=CC(Cl)=C2C1=O,3-acetyl-8-bromo-1-((4-(tert-butyl)phenyl)sulfonyl)-5-chloro-2-(methylsulfinyl)quinolin-4(1H)-one,558.89,558,"¹H NMR (300 MHz, CDCl3) δ8.05-8.03(d,J=8.16 Hz, 1H), 7.71-7.68(d, J=8.64 Hz, 2H), 7.52-7.49(d, J=8.28 Hz, 3H), 3.13(s, 3H), 2.69(s, 3H), 1.35(s, 9H).",data/bronze/artifacts/2017_raw.xlsx,표3,44,False,False,False
43,CC(=O)/C1=C(\SCC2=CC(Cl)=CC=C2Cl)NC2=C(Br)C=CC(Cl)=C2C1=O,"3-acetyl-8-bromo-5-chloro-2-((2,5-dichlorobenzyl)thio)quinolin-4(1H)-one",507.6,506,"¹H NMR (300 MHz, CDCl3) δ10.35(s,1H),7.73-7.72(d,J=10.86 Hz, 1H), 7.32(s, 2H), 7.17(s, 2H), 4.81-4.49(dd, J= 13.33, 69.53 Hz, 2H), 2.81(s, 3H).",data/bronze/artifacts/2017_raw.xlsx,표3,45,False,False,False
44,CC(=O)/C1=C(\S(=O)CC2=CC(Cl)=CC=C2Cl)NC2=C(Br)C=CC(Cl)=C2C1=O,"3-acetyl-8-bromo-5-chloro-2-((2,5-dichlorobenzyl)sulfinyl)quinolin-4(1H)-one",507.6,506,"¹H NMR (300 MHz, CDCl3) δ10.35(s,1H),7.73-7.72(d,J=10.86 Hz, 1H), 7.32(s, 2H), 7.17(s, 2H), 4.81-4.49(dd, J= 13.33, 69.53 Hz, 2H), 2.81(s, 3H).",data/bronze/artifacts/2017_raw.xlsx,표3,46,False,False,False
45,CC(=O)/C1=C(\SCC2=CC(F)=CC(F)=C2)NC2=C(Br)C=CC(Cl)=C2C1=O,"3-acetyl-8-bromo-5-chloro-2-((3,5-difluorobenzyl)thio)quinolin-4(1H)-one",458.7,458,"¹H NMR (300 MHz, CDCl3) δ7.93-7.91(d,J=8.28 Hz, 1H), 7.33-7.30(d, J=8.28 Hz, 1H), 7.06-7.04(m, 3H), 4.78(s, 2H), 2.94(s, 3H).",data/bronze/artifacts/2017_raw.xlsx,표3,47,False,False,False
46,CC(=O)/C1=C(\S(=O)CC2=CC(F)=CC(F)=C2)NC2=C(Br)C=CC(Cl)=C2C1=O,"3-acetyl-8-bromo-5-chloro-2-((3,5-difluorobenzyl)sulfinyl)quinolin-4(1H)-one",474.7,474,"¹H NMR (300 MHz, CDCl3) δ10.43(s,1H),7.75-7.72(d,J= 8.4 Hz, 1H), 7.35-7.32(d. J= 8.46 Hz, 1H), 6.80-6.68(m, 3H), 4.44-4.23(q, J= 12.63, 36.84 Hz, 2H), 2.84(s, 3H).",data/bronze/artifacts/2017_raw.xlsx,표3,48,False,False,False
47,CC(=O)/C1=C(\SCC2=CC=CC(I)=C2)NC2=C(Br)C=CC(Cl)=C2C1=O,3-acetyl-8-bromo-5-chloro-2-((3-iodobenzyl)thio)quinolin-4(1H)-one,548.62,548,"¹H NMR (300 MHz, DMSO) δ 7.97-7.94(d,J= 5.55 Hz, 1H), 7.89(s, 1H), 7.61-7.58(d, J=8.16 Hz, 1H), 7.49-7.46(d, J= 7.11 Hz, 1H), 7.31-7.29(m, 1H), 7.13-7.80(t, J= 7.76 Hz, 1H), 4.55(s, 2H).",data/bronze/artifacts/2017_raw.xlsx,표3,49,False,False,False
48,CC(=O)/C1=C(\S(=O)CC2=CC=CC(I)=C2)NC2=C(Br)C=CC(Cl)=C2C1=O,3-acetyl-8-bromo-5-chloro-2-((3-iodobenzyl)sulfinyl)quinolin-4(1H)-one,564.62,564,"¹H NMR (300 MHz, CDCl3) δ10.19(s,1H),7.74-7.71(d,J=8.46 Hz, 1H), 7.56-7.54(d, J=8.07 Hz, 1H), 7.39(s, 1H), 7.35-7.32(d, J=8.46 Hz, 1H), 7.09-7.07(d, J=8.01 Hz, 1H), 6.97-6.92(t, J= 7.74 Hz, 1H), 4.40-4.30(q, J=12.71, 6.06 Hz, 2H), 2.87(s, 3H).",data/bronze/artifacts/2017_raw.xlsx,표3,50,False,False,False
49,CC(=O)/C1=C(\SCC2=CC=CC(F)=C2)NC2=C(Br)C=CC(Cl)=C2C1=O,3-acetyl-8-bromo-5-chloro-2-((3-fluorobenzyl)thio)quinolin-4(1H)-one,440.71,440,"¹H NMR (300 MHz, CDCl3)δ7.93-7.91(d,J= 8.25 Hz, 1H), 7.32-7.30(d, J= 8.19 Hz, 2H), 7.28-7.27(m, 2H), 6.97(s, 1H), 4.79(s, 2H), 2.94(s, 3H).",data/bronze/artifacts/2017_raw.xlsx,표3,51,False,False,False
50,CC(=O)/C1=C(\S(=O)CC2=CC=CC(F)=C2)NC2=C(Br)C=CC(Cl)=C2C1=O,3-acetyl-8-bromo-5-chloro-2-((3-fluorobenzyl)sulfinyl)quinolin-4(1H)-one,456.71,456,"¹H NMR (300 MHz, CDCl3) δ10.30(s,1H),7.70-7.67(d,J=8.56 Hz, 1H), 7.30-7.27(d, J=8.43 Hz, 1H), 7.15-7.07(m, 1H), 6.98-6.88(m, 2H), 6.83-6.81(d, J=7.68 Hz, 1H), 4.42-4.32(q, J=12.66, 3.33 Hz, 2H), 2.82(s, 3H).",data/bronze/artifacts/2017_raw.xlsx,표3,52,False,False,False
51,CC(=O)/C1=C(\S(=O)CC2=NOC(C)=C2)NC2=C(Br)C=CC(Cl)=C2C1=O,3-acetyl-8-bromo-5-chloro-2-(((5-methylisoxazol-3-yl)methyl)sulfinyl)quinolin-4(1H)-one,443.7,442,"¹H NMR (300 MHz, CDCl3) δ10.50(br,1H),7.77(d,J= 8.4 Hz, 1H), 7.36 (d, J= 8.4 Hz, 1H), 6.17 (s, 1H), 4.33-4.67 (m, 2H), 2.83 (s, 3H), 2.39 (s, 3H).",data/bronze/artifacts/2017_raw.xlsx,표3,53,False,False,False
52,CC(=O)C1=C(\O)C2=C(Cl)C=CC(Br)=C2/N=C\1SCC1=CC=CC=C1,1-(2-(benzylthio)-8-bromo-5-chloro-4-hydroxyquinolin-3-yl)ethan-1-one,422.72,422,"¹H NMR (300 MHz, CDCl3)δ7.82(d,J= 8.2 Hz, 1H), 7.53 (d, J= 6.8 Hz, 2H), 7.32-7.48 (m, 3H), 7.26 (d, J= 8.4 Hz, 1H), 6.77 (s, 2H), 5.24 (s, 3H).",data/bronze/artifacts/2017_raw.xlsx,표3,54,False,False,False
53,CC(=O)C1=C(\O)C2=C(Cl)C=CC(Br)=C2/N=C\1S(=O)CC1=CC=CC=C1,1-(2-(benzylsulfinyl)-8-bromo-5-chloro-4-hydroxyquinolin-3-yl)ethan-1-one,438.72,438,"¹H NMR (300 MHz, CDCl3)δ7.99(d,J= 8.2 Hz, 1H), 7.60 (s, 1H), 7.54-7.57 (m, 2H), 7.51 (d, J= 8.2 Hz, 1H), 7.37-7.48 (m, 3H), 5.39 (s, 2H), 3.48 (s, 3H).",data/bronze/artifacts/2017_raw.xlsx,표3,55,False,False,False
54,CC(=O)C1=C(\O)C2=C(Cl)C=CC(Br)=C2/N=C\1S(=O)(=O)CC1=CC=CC=C1,1-(2-(benzylsulfonyl)-8-bromo-5-chloro-4-hydroxyquinolin-3-yl)ethan-1-one,454.72,454,"¹H NMR (300 MHz, CDCl3)δ7.94(d,J= 8.2 Hz, 1H), 7.73 (s, 1H), 7.54-7.58 (m, 2H), 7.45 (d, J= 8.1 Hz, 2H), 7.38-7.41 (m, 2H), 5.42 (s, 2H), 3.01 (s, 3H).",data/bronze/artifacts/2017_raw.xlsx,표3,56,False,False,False
55,COC1=CC(CS(=O)/C2=C(\C(C)=O)C(=O)C3=C(Cl)C=CC(Br)=C3N2)=CC=C1,3-acetyl-8-bromo-5-chloro-2-((3-methoxybenzyl)sulfinyl)quinolin-4(1H)-one,468.75,468,"¹H NMR (300 MHz, CDCl3) δ10.32(s,1H),7.71-7.69(d,J=8.4 Hz, 1H), 7.33-7.30(d, J=8.43, 1H), 7.09-7.04(t, J=7.8 Hz,1H), 6.76-6.70(m, 2H), 6.65-6.63(d, J=7.47 Hz, 1H), 4.44-4.34(q, J=12.7, 4.86 Hz, 2H), 3.70(s, 3H), 2.86(s, 3H).",data/bronze/artifacts/2017_raw.xlsx,표3,57,False,False,False
56,CC(=O)/C1=C(\S(=O)CC2=CC=C(SC(F)(F)F)C=C2)NC2=C(Br)C=CC(Cl)=C2C1=O,3-acetyl-8-bromo-5-chloro-2-((4-((trifluoromethyl)thio)benzyl)sulfinyl)quinolin-4(1H)-one,538.78,538,"¹H NMR (300 MHz, CDCl3) δ10.27(s,1H),7.69-7.66(d,J=8.40 Hz, 1H), 7.49-7.46(d, J=8.01 Hz, 2H), 7.31-7.28(d, J=8.40 Hz, 1H), 7.18-7.15(d, J=8.16 Hz, 2H), 4.52-4.37(q, J=12.7, 17.1 Hz, 2H), 2.84(s, 3H).",data/bronze/artifacts/2017_raw.xlsx,표3,58,False,False,False
57,CC(=O)/C1=C(\S(=O)CC2=CC=C(N(O)=O)C=C2)NC2=C(Cl)C=CC(Cl)=C2C1=O,"3-acetyl-5,8-dichloro-2-((4-nitrobenzyl)sulfinyl)quinolin-4(1H)-one",439.26,439,"¹H NMR (300 MHz, MeOD) δ9.95(s, 1H), 8.22-8.20(d, J=8.6 Hz, 2H), 7.73-7.70(d, J=8.31 Hz, 2H), 7.63-7.60(d, J=8.22 Hz,1H), 7.29-7.26(d, J=8.13 Hz, 1H), 4.59-4.10(q, J=12.3, 122 Hz, 2H), 2.72(s, 3H).",data/bronze/artifacts/2017_raw.xlsx,표3,59,False,False,False
58,CC(=O)/C1=C(\S(=O)CC2=C(C#N)C=CC=C2)NC2=C(Br)C=CC(Cl)=C2C1=O,"2-(((3-acetyl-8-bromo-5-chloro-4-oxo-1,4-dihydroquinolin-2-yl)sulfinyl)methyl)benzonitrile",463.73,463,"¹H NMR (300 MHz, CDCl3) δ10.30(br,1H),7.69(d,J= 8.4 Hz, 1H), 7.47 - 7.61 (m, 2H), 7.34 - 7.45 (m, 2H), 7.31 (d, J= 8.4 Hz, 1H), 4.71 (q, J= 13.1 Hz, 2H), 2.85 (s, 3H).",data/bronze/artifacts/2017_raw.xlsx,표3,60,False,False,False
59,COC1=CC(CS(=O)/C2=C(\C(C)=O)C(=O)C3=C(Cl)C=CC(Br)=C3N2)=CC(OC)=C1,"3-acetyl-8-bromo-5-chloro-2-((3,5-dimethoxybenzyl)sulfinyl)quinolin-4(1H)-one",498.77,498,"¹H NMR (300 MHz, CDCl3) δ10.36(s,1H),7.69(d,J= 8.4 Hz, 1H), 7.30 (d, J= 8.4 Hz, 1H), 6.23 (s, 3H), 4.25-4.39 (m, 2H), 3.62 (s, 6H), 2.83 (s, 3H).",data/bronze/artifacts/2017_raw.xlsx,표3,61,False,False,False
60,CC(=O)/C1=C(\S(=O)CC2=CC=C(C(C)(C)C)C=C2)NC2=C(Br)C=CC(Cl)=C2C1=O,3-acetyl-8-bromo-2-((4-(tert-butyl)benzyl)sulfinyl)-5-chloroquinolin-4(1H)-one,494.83,494,"¹H NMR (300 MHz, CDCl3) δ10.15(br,1H),7.62(d,J= 8.4 Hz, 1H), 7.25 (d, J= 8.4 Hz, 1H), 7.13 (d, J= 8.3 Hz, 2H), 6.96 (d, J= 8.3 Hz, 2H), 4.40 (dd, J= 53.3, 12.7 Hz, 2H),, 2.83 (s, 3H), 1.11 (s, 9H).",data/bronze/artifacts/2017_raw.xlsx,표3,62,False,False,False
61,COCS/C1=C(\C(C)=O)C(=O)C2=C(Cl)C=CC(Br)=C2N1,3-acetyl-8-bromo-5-chloro-2-((methoxymethyl)thio)quinolin-4(1H)-one,376.65,376,"¹H NMR (300 MHz, CDCl3) δ10.62(br,1H),7.69(d,J= 8.4 Hz, 1H), 7.24 (d, J= 8.4 Hz, 1H), 5.07 (s, 2H), 3.66 (s, 3H), 2.69 (s, 3H).",data/bronze/artifacts/2017_raw.xlsx,표3,63,False,False,False
62,CC(=O)/C1=C(\S)NC2=C(Br)C=CC(Cl)=C2C1=O,3-acetyl-8-bromo-5-chloro-2-mercaptoquinolin-4(1H)-one,332.6,332,"¹H NMR (300 MHz, CDCl3) δ10.11(br,1H),7.74(d,J= 8.5 Hz, 1H), 7.21 (d, J= 8.5 Hz, 1H), 3.15 (s, 3H).",data/bronze/artifacts/2017_raw.xlsx,표3,64,False,False,False
63,CC(=O)/C1=C(\S(=O)CC2=CC=C(C(=O)C3=CC=CC=C3)C=C2)NC2=C(Br)C=CC(Cl)=C2C1=O,3-acetyl-2-((4-benzoylbenzyl)sulfinyl)-8-bromo-5-chloroquinolin-4(1H)-one,542.83,542,"¹H NMR (300 MHz, CDCl3) δ10.29(br,1H),7.67(d,J= 8.4 Hz, 1H), 7.61 (d, J= 8.2 Hz, 2H), 7.37 - 7.59 (m, 5H), 7.31 (d, J= 8.4 Hz, 1H), 7.23 (d, J= 8.2 Hz, 2H), 4.51 (q, J= 12.6 Hz, 2H), 2.85 (s, 3H).",data/bronze/artifacts/2017_raw.xlsx,표3,65,False,False,False
64,CC(=O)/C1=C(\S(=O)CC2=CC=C(S(=O)C(F)(F)F)C=C2)NC2=C(Br)C=CC(Cl)=C2C1=O,3-acetyl-8-bromo-5-chloro-2-((4-((trifluoromethyl)sulfinyl)benzyl)sulfinyl)quinolin-4(1H)-one,554.78,554,"¹H NMR (300 MHz, CDCl3)δ10.30 (br s, 1H), 7.70-7.62(m, 3H), 7.41-7.26(m, 3H), 4.55-4.45(q, J= 16.3 Hz, 2H), 2.84 (s, 3H).",data/bronze/artifacts/2017_raw.xlsx,표3,66,False,False,False
65,CC(=O)/C1=C(\S(=O)CC#N)NC2=C(Br)C=CC(Cl)=C2C1=O,"2-((3-acetyl-8-bromo-5-chloro-4-oxo-1,4-dihydroquinolin-2-yl)sulfinyl)acetonitrile",387.63,387,"¹H NMR (300 MHz, CDCl3) δ10.97(br,1H),7.87(d,J= 8.4 Hz, 1H), 7.43 (d, J= 8.5 Hz, 1H), 4.27 (q, J= 16.3 Hz, 2H), 2.84 (s, 3H).",data/bronze/artifacts/2017_raw.xlsx,표3,67,False,False,False
66,CC(=O)/C1=C(\SCC#N)NC2=C(Br)C=CC(Cl)=C2C1=O,"2-((3-acetyl-8-bromo-5-chloro-4-oxo-1,4-dihydroquinolin-2-yl)thio)acetonitrile",371.63,371,"¹H NMR (300 MHz, CDCl3)δ7.96(d,J= 8.3 Hz, 1H), 7.36 (d, J= 8.3 Hz, 1H), 4.30 (s, 2H), 2.94 (s, 3H).",data/bronze/artifacts/2017_raw.xlsx,표3,68,False,False,False
67,CC(=O)/C1=C(\S/C=C\C(=O)O)NC2=C(Br)C=CC(Cl)=C2C1=O,"(Z)-3-((3-acetyl-8-bromo-5-chloro-4-oxo-1,4-dihydroquinolin-2-yl)thio)acrylic acid",402.64,402,"¹H NMR (300 MHz, MeOD) δ9.03 (br, 0.5H), 8.84 (br, 1H), 7.97 (d, J= 8.2 Hz, 1H), 7.91 (d, J= 8.3 Hz, 0.5H), 7.37 (d, J= 8.4 Hz, 1H), 7.31 (d, J= 8.3 Hz, 0.5H), 6.34 (d, J= 10.8 Hz, 0.5H), 6.22 (d, J= 10.3 Hz, 1H), 2.78 (s, 3H), 2.72 (s, 1.5H).",data/bronze/artifacts/2017_raw.xlsx,표3,69,False,True,False
68,O=C1C(=C(S(=O)CC2=CC=C(C=C2)[S](F)(F)(F)(F)F)NC2C1=C(Cl)C=CC=2Br)C(=O)C,3-acetyl-8-bromo-5-chloro-2-((4-(pentafluoro-l6-sulfanyl)benzyl)sulfinyl)quinolin-4(1H)-one,564.76,564,"¹H NMR (300 MHz, CDCl3)δ10.14 (s, 1H), 7.71 (d, J= 8.4 Hz, 1H), 7.57 (d, J= 8.7 Hz, 2H), 7.33 (d, J= 8.5 Hz, 1H), 7.20 (d, J= 8.3 Hz, 2H), 4.47 (dd, J= 30.2, 12.6 Hz, 2H), 2.87 (s, 3H).",data/bronze/artifacts/2017_raw.xlsx,표3,70,True,False,True
69,O=C(C)C1=C(S(=O)CC2=CC=C(C=C2F)[S](F)(F)(F)(F)F)NC2C(=C(Cl)C=CC=2Br)C1=O,3-acetyl-8-bromo-5-chloro-2-((2-fluoro-4-(pentafluoro-l6-sulfanyl)benzyl)sulfinyl)quinolin-4(1H)-one,582.75,582,"¹H NMR (300 MHz, CDCl3) δ10.19(s,1H),7.71-7.68(d,J=8.43 Hz, 1H), 7.33-7.30(d, J=8.31 Hz, 1H), 4.73-4.40(q, J=13.0, 72.1 Hz, 2H), 2.83(s, 3H).",data/bronze/artifacts/2017_raw.xlsx,표3,71,True,False,True
70,CC(=O)/C1=C(\S(=O)CC2=CC=C(C(F)(F)F)C=C2)NC2=C(Br)C=CC(Cl)=C2C1=O,3-acetyl-8-bromo-5-chloro-2-((4-(trifluoromethyl)benzyl)sulfinyl)quinolin-4(1H)-one,506.72,506,"¹H NMR (300 MHz, CDCl3)δ10.16 (s, 1H), 7.71 (d, J= 8.4 Hz, 1H), 7.46 (d, J= 8.1 Hz, 2H), 7.33 (d, J= 8.4 Hz, 1H), 7.25 (d, J= 8.0 Hz, 2H), 4.60 4.34 (m, 2H), 2.87 (s, 3H).",data/bronze/artifacts/2017_raw.xlsx,표3,72,False,False,False
71,CC(=O)/C1=C(\S(=O)CC2=CC=C(OC(F)(F)F)C=C2)NC2=C(Br)C=CC(Cl)=C2C1=O,3-acetyl-8-bromo-5-chloro-2-((4-(trifluoromethoxy)benzyl)sulfinyl)quinolin-4(1H)-one,522.72,522,"¹H NMR (300 MHz, CDCl3) δ10.24(br,1H),7.69(d,J= 8.5 Hz, 1H), 7.30 (d, J= 8.4 Hz, 1H), 7.14 (d, J= 8.7 Hz, 2H), 7.04 (d, J= 8.1 Hz, 2H), 4.42 (q, J= 12.8 Hz, 2H), 2.84 (s, 3H).",data/bronze/artifacts/2017_raw.xlsx,표3,73,False,False,False
72,CC(=O)/C1=C(\S(=O)CC2=CC=C(C(F)(F)F)O2)NC2=C(Br)C=CC(Cl)=C2C1=O,3-acetyl-8-bromo-5-chloro-2-(((5-(trifluoromethyl)furan-2-yl)methyl)sulfinyl)quinolin-4(1H)-one,496.68,496,"¹H NMR (300 MHz, CDCl3)δ10.34 (s, 1H), 7.75 (d, J= 8.5 Hz, 1H), 7.36 (d, J= 8.4 Hz, 1H), 6.71 (s, 1H), 6.59 (d, J= 3.1 Hz, 1H), 4.58 (dd, J= 71.0, 14.1 Hz, 2H), 2.87 (s, 3H).",data/bronze/artifacts/2017_raw.xlsx,표3,74,False,False,False
73,CC(=O)/C1=C(\S(=O)CC2=CC=C(C#N)C=C2)NC2=C(Br)C=CC(Cl)=C2C1=O,"4-(((3-acetyl-8-bromo-5-chloro-4-oxo-1,4-dihydroquinolin-2-yl)sulfinyl)methyl)benzonitrile",463.73,463,"¹H NMR (300 MHz, CDCl3)δ10.21(s, 1H), 775-7.72(d, J=8.4 Hz, 1H), 7.52-7.50(d, J=8.04 Hz, 2H), 7.36-7.33(d, J=8.43 Hz, 1H), 7.27-7.25(d, J=8.1 Hz, 2H), 4.50-4.39(q, J=12.4, 6.33 Hz, 2H), 2.84(s, 3H).",data/bronze/artifacts/2017_raw.xlsx,표3,75,False,False,False
74,CC(=O)/C1=C(\S(=O)CC2=C(F)C=CC=C2Cl)NC2=C(Br)C=CC(Cl)=C2C1=O,3-acetyl-8-bromo-5-chloro-2-((2-chloro-6-fluorobenzyl)sulfinyl)quinolin-4(1H)-one,491.15,491,"¹H NMR (300 MHz, CDCl3) δ10.6(s,1H),7.75-7.72(d,J=8.4 Hz, 1H), 7.35-7.33(d, J=8.4 Hz, 1H), 7.31-7.28(m, 1H), 7.24-7.18(t, J=8.8 Hz, 1H), 7.01-6.96(t, J=8.0 Hz, 1H), 5.08-5.05(q, J=1.9, 11, 120 Hz, 2H), 2.82(s, 3H).",data/bronze/artifacts/2017_raw.xlsx,표3,76,False,False,False
75,O=S(C1=C(C(=O)C2C(=C(Br)C=CC=2Cl)N1)C(=O)C)CC1=CC=C(C=C1OC)[S](F)(F)(F)(F)F,3-acetyl-8-bromo-5-chloro-2-((2-methoxy-4-(pentafluoro--sulfanyl)benzyl)sulfinyl)quinolin-4(1H)-one,594.79,594,"¹H NMR (300 MHz, CDCl3) δ10.26(s,1H),7.69-7.67(d,J=8.40 Hz, 1H), 7.31-7.28(d, J=8.43 Hz, 1H), 4.80-4.40(q, J=13.0, 95.7 Hz, 2H), 2.82(s, 3H).",data/bronze/artifacts/2017_raw.xlsx,표3,77,True,False,True
76,ClC1=CC(Br)=C2C(=C1)C(=O)C(=C(S(=O)CC3=CC(F)=CC(=C3)[S](F)(F)(F)(F)F)N2)C(=O)C,3-acetyl-8-bromo-5-chloro-2-((3-fluoro-5-(pentafluoro--sulfanyl)benzyl)sulfinyl)quinolin-4(1H)-one,582.75,582,"¹H NMR (300 MHz, CDCl3)δ10.13 (s, 1H), 7.70 (d, J= 8.5 Hz, 1H), 7.38 (s, 1H), 7.33 (d, J= 8.6 Hz, 1H), 7.21 (d, J= 8.1 Hz, 1H), 7.09 (s, 1H), 4.44 (s, 2H), 2.84 (s, 3H).",data/bronze/artifacts/2017_raw.xlsx,표3,78,True,False,True
77,ClC1=CC(Br)=C2C(=C1)C(=O)C(=C(S(=O)CC3=CC(F)=CC(=C3)[S](F)(F)(F)(F)F)N2)C(=O)C,3-acetyl-8-bromo-5-chloro-2-((3-(pentafluoro--sulfanyl)benzyl)sulfinyl)quinolin-4(1H)-one,564.76,564,"¹H NMR (300 MHz, CDCl3)δ10.06 (s, 1H), 7.59 7.68 (m, 2H), 7.29 7.38 (m, 4H), 4.47 (q, J= 12.8 Hz, 2H), 2.85 (s, 3H).",data/bronze/artifacts/2017_raw.xlsx,표3,79,True,False,True
78,CC(=O)/C1=C(\S(=O)CC2=C(F)C(F)=C(F)C(F)=C2F)NC2=C(Br)C=CC(Cl)=C2C1=O,3-acetyl-8-bromo-5-chloro-2-(((perfluorophenyl)methyl)sulfinyl)quinolin-4(1H)-one,528.67,528,"¹H NMR (300 MHz, CDCl3) δ10.48(s,1H),7.79-7.77(d,J=8.43 Hz,1H), 7.38-7.36(d, J=8.31 Hz, 1H), 4.49-4.40(q, J=13.0, 128 Hz, 2H), 2.83(s, 3H).",data/bronze/artifacts/2017_raw.xlsx,표3,80,False,False,False
79,O=S(C1=C(C(=O)C)C(=O)C2C(=C(Cl)C=CC=2Cl)N1)CC1=CC=C(C=C1)SC(F)(F)F,"3-acetyl-5,8-dichloro-2-((4-((trifluoromethyl)thio)benzyl)sulfinyl)quinolin-4(1H)-one",494.32,494,"¹H NMR (300 MHz, CDCl3)δ10.24(br s, 1H), 7.56-7.49 (m, 4H), 7.39-7.37(d,J=8.52 Hz, 2H), 7.21-7.18(d, J=7.68 Hz, 2H), 4.52-4.40(q, J=13.4 Hz, 2H), 2.87(s, 3H).",data/bronze/artifacts/2017_raw.xlsx,표3,81,True,False,True
80,O=C1C2C(=C(F)C=CC=2F)NC(=C1C(=O)C)S(=O)CC1=CC=C(C=C1)[S](F)(F)(F)(F)F,"3-acetyl-5,8-difluoro-2-((4-(pentafluoro--sulfanyl)benzyl)sulfinyl)quinolin-4(1H)-one",487.4,487,"¹H NMR (300 MHz, CDCl3)δ9.78(br s, 1H), 7.59-7.58 (d, J=8.49 Hz, 1H), 7.37-7.22(m, 3H), 7.06-6.98(m, 1H), 4.41(s, 2H), 2.84(s, 3H).",data/bronze/artifacts/2017_raw.xlsx,표3,82,True,False,True
81,CC(=O)/C1=C(\S(=O)CC2=CC=C(C(F)(F)F)O2)NC2=C(F)C=CC(F)=C2C1=O,"3-acetyl-5,8-difluoro-2-(((5-(trifluoromethyl)furan-2-yl)methyl)sulfinyl)quinolin-4(1H)-one",419.32,419,"¹H NMR (300 MHz, CDCl3)δ9.93(br s, 1H), 7.41-7.33(m, 1H), 7.08-7.00 (m, 1H), 6.71-6.69(m, 1H), 6.56-6.55(m, 1H), 4.66(d, J=14.1 Hz, 1H), 4.48-4.44(d, J=14.07 Hz, 1H), 2.83(s, 3H).",data/bronze/artifacts/2017_raw.xlsx,표3,83,False,False,False
82,CC(=O)/C1=C(\S(=O)CC2=NOC(C)=C2)NC2=C(F)C=CC(F)=C2C1=O,"3-acetyl-5,8-difluoro-2-(((5-methylisoxazol-3-yl)methyl)sulfinyl)quinolin-4(1H)-one",366.34,366,"¹H NMR (300 MHz, CDCl3)δ 10.45(br s, 1H), 7.61-7.59(d, J=8.49 Hz, 2H), 7.41-7.38 (d, J=8.46 Hz, 1H), 6.16(s, 1H), 4.51-4.39(q, J=13.5, 21.8 Hz, 2H), 2.81(s, 3H), 2.37(s, 3H).",data/bronze/artifacts/2017_raw.xlsx,표3,84,False,False,False
83,CC(=O)/C1=C(\S(=O)CC2=CC=C(I)C=C2)NC2=C(Cl)C=CC(Cl)=C2C1=O,"3-acetyl-5,8-dichloro-2-((4-iodobenzyl)sulfinyl)quinolin-4(1H)-one",520.16,520,"¹H NMR (300 MHz, CDCl3)δ10.11(br s, 1H), 7.60-7.57(d, J= 8.46 Hz, 1H), 7.51-7.49 (d, J= 8.22 Hz, 2H), 7.40-7.37(d, J= 8.43 Hz, 1H), 6.83-6.81(d, J= 8.22 Hz, 2H), 4.32(s, 2H), 2.83(s, 3H).",data/bronze/artifacts/2017_raw.xlsx,표3,85,False,False,False
84,CC(=O)/C1=C(\S(=O)CC2=CC=CN=C2)NC2=C(Br)C=CC(Cl)=C2C1=O,3-acetyl-8-bromo-5-chloro-2-((pyridin-3-ylmethyl)sulfinyl)quinolin-4(1H)-one,439.71,439,"¹H NMR (300 MHz, DMSO) δ8.41 (d, J= 4.6 Hz, 1H), 8.21 (s, 1H), 7.99 (d, J= 8.5 Hz, 1H), 7.52 (d, J= 7.9 Hz, 1H), 7.44 (d, J= 8.5 Hz, 1H), 7.25 (dd, J= 7.6, 4.6 Hz, 1H), 4.71 (d, J= 13.1 Hz, 1H), 4.37 (d, J= 13.0 Hz, 1H), 2.68 (s, 3H).",data/bronze/artifacts/2017_raw.xlsx,표3,86,False,False,False
85,O=C(C(C)C)C1=C(S(=O)CC2=CC=C(C=C2)SC(F)(F)(F))NC3C(=C(F)C=CC=3F)C1=O,"5,8-difluoro-3-isobutyryl-2-((4-((trifluoromethyl)thio)benzyl)sulfinyl)quinolin-4(1H)-one",489.48,489,"¹H NMR (300 MHz, CDCl3+MeOD) δ7.60-6.92(m, 6H), 4.45-4.41(m, 1H), 4.35-4.31(m, 1H), 4.09-4.00 (m, 1H), 1.19-1.17(d, J= 6 Hz, 3H), 1.11-1.08(d, J= 7.17 Hz, 3H).",data/bronze/artifacts/2017_raw.xlsx,표3,87,True,False,True
86,CC1=CC(CS(=O)/C2=C(\C(=O)C(C)C)C(=O)C3=C(Cl)C=CC(Cl)=C3N2)=NO1,"5,8-dichloro-3-isobutyryl-2-(((5-methylisoxazol-3-yl)methyl)sulfinyl)quinolin-4(1H)-one",427.3,427,"¹H NMR (300 MHz, CDCl3)δ10.43(br s, 1H), 7.59-7.56(d, J= 8.43 Hz, 1H), 7.38-7.35(d, J= 8.43 Hz, 1H), 6.13(s, 1H), 4.50-4.39(d, J= 8.54 Hz, 2H), 4.14-4.05(m, 1H), 2.34(s, 3H). 1.21-1.15(dd, J= 6.8, 11.6 Hz, 6H).",data/bronze/artifacts/2017_raw.xlsx,표3,88,False,False,False
87,O=C1C2C(=C(F)C=CC=2F)NC(=C1C(=O)C1C=CC=CC=1)S(=O)CC1=CC=C(C=C1)[S](F)(F)(F)(F)F,"3-benzoyl-5,8-difluoro-2-((4-(pentafluoro--sulfanyl)benzyl)sulfinyl)quinolin-4(1H)-one",549.48,549,"¹H NMR (300 MHz, CDCl3)δ7.74-7.27(m, 10H), 7.00-6.92 (m, 1H), 4.80-4.76(d, J= 12.66 Hz, 1H), 4.53-4.49(d, J= 12.6 Hz, 1H).",data/bronze/artifacts/2017_raw.xlsx,표3,89,True,False,True
88,CC1=CC(CS(=O)/C2=C(\C(=O)C3=CC=CC=C3)C(=O)C3=C(Cl)C=CC(Cl)=C3N2)=NO1,"3-benzoyl-5,8-dichloro-2-(((5-methylisoxazol-3-yl)methyl)sulfinyl)quinolin-4(1H)-one",461.31,461,"¹H NMR (300 MHz, CDCl3)δ7.77-7.75(d, J= 6.75 Hz, 2H), 7.74-7.70 (d, J= 8.28 Hz, 1H), 7.59-7.31(m, 5H), 6.18(s, 1H), 4.68(s, 2H), 3.10(s, 3H).",data/bronze/artifacts/2017_raw.xlsx,표3,90,False,False,False
89,COC(=O)C1=CC=C(CS(=O)/C2=C(\C(C)=O)C(=O)C3=C(Cl)C=CC(Cl)=C3N2)O1,"methyl5-(((3-acetyl-5,8-dichloro-4-oxo-1,4-dihydroquinolin-2-yl)sulfinyl)methyl)furan-2-carboxylate",442.26,442,"¹H NMR (300 MHz, CDCl3)δ10.24 (s, 1H), 7.56 (d, J= 8.5 Hz, 1H), 7.38 (d, J= 8.5 Hz, 1H), 7.05 (d, J= 3.4 Hz, 1H), 6.59 (d, J= 3.4 Hz, 1H), 4.65 (d, J= 13.9 Hz, 1H), 4.44 (d, J= 13.9 Hz, 1H), 3.60 (s, 3H), 2.85 (s, 3H).",data/bronze/artifacts/2017_raw.xlsx,표3,91,False,False,False
90,CC(=O)/C1=C(\S(=O)CN2C(=O)C3=C(C=CC=C3)C2=O)NC2=C(Cl)C=CC(Cl)=C2C1=O,"2-(((3-acetyl-5,8-dichloro-4-oxo-1,4-dihydroquinolin-2-yl)sulfinyl)methyl)isoindoline-1,3-dione",463.29,463,"¹H NMR (300 MHz, CDCl3)δ10.52 (s, 1H), 8.00 7.74 (m, 4H), 7.62 (d, J= 8.4 Hz, 1H), 7.43 (d, J= 8.5 Hz, 1H), 5.74 (d, J= 12.6 Hz, 1H), 4.86 (d, J= 12.6 Hz, 1H), 2.87 (s, 3H).",data/bronze/artifacts/2017_raw.xlsx,표3,92,False,False,False
91,COC(=O)C1=CC=C(CS(=O)/C2=C(\C(C)=O)C(=O)C3=C(Cl)C=CC(Cl)=C3N2)C=C1,"methyl4-(((3-acetyl-5,8-dichloro-4-oxo-1,4-dihydroquinolin-2-yl)sulfinyl)methyl)benzoate",452.3,452,"¹H NMR (300 MHz, CDCl3)δ10.23 (s, 1H), 7.87 (d, J= 8.2 Hz, 2H), 7.52 (d, J= 8.4 Hz, 1H), 7.36 (d, J= 8.4 Hz, 1H), 7.23 (d, J= 8.2 Hz, 2H), 4.44 (q, J= 12.5 Hz, 2H), 3.89 (d, J= 5.4 Hz, 3H), 2.85 (s, 3H).",data/bronze/artifacts/2017_raw.xlsx,표3,93,False,False,False
92,O=C1C2C(=CC=CC=2OC)NC(=C1C(=O)C)SCC3=CC=C(C=C3)[S](F)(F)(F)(F)F,3-acetyl-5-methoxy-2-((4-(pentafluoro--sulfanyl)benzyl)thio)quinolin-4(1H)-one,465.45,465,"¹H NMR (300 MHz, CDCl3)δ8.18 (d, J= 9.0 Hz, 1H), 7.71 (d, J= 8.7 Hz, 2H), 7.60 (d, J= 8.4 Hz, 2H), 7.14 (d, J= 2.4 Hz, 1H), 7.08 (dd, J= 9.0, 2.5 Hz, 1H), 4.70 (s, 2H), 4.00 (s, 3H), 2.92 (s, 3H).",data/bronze/artifacts/2017_raw.xlsx,표3,94,True,False,True
93,O=C(C)C1=C(S(=O)CC3=CC=C(C=C3)[S](F)(F)(F)(F)F)NC2C(C1=O)=C(OC)C=CC=2,3-acetyl-5-methoxy-2-((4-(pentafluoro--sulfanyl)benzyl)sulfinyl)quinolin-4(1H)-one,481.45,481,"¹H NMR (300 MHz, CDCl3)δ9.63 (s, 1H), 8.28 (d, J= 9.0 Hz, 1H), 7.57 (d, J= 8.6 Hz, 2H), 7.23 (s, 1H), 7.04 (dd, J= 9.0, 2.2 Hz, 1H), 6.54 (d, J= 2.2 Hz, 1H), 4.39 (dd, J= 36.0, 12.5 Hz, 2H), 3.87 (d, J= 10.5 Hz, 3H), 2.87 (s, 3H).",data/bronze/artifacts/2017_raw.xlsx,표3,95,True,False,True
94,COC1=C2C(=O)/C(C(C)=O)=C(/S(=O)CC3=NOC(C)=C3)NC2=CC=C1,3-acetyl-5-methoxy-2-(((5-methylisoxazol-3-yl)methyl)sulfinyl)quinolin-4(1H)-one,360.38,360,"¹H NMR (300 MHz, CDCl3)δ10.43 (s, 1H), 8.34 (d, J= 9.0 Hz, 1H), 7.08 (d, J= 8.9 Hz, 1H), 6.93 (s, 1H), 6.08 (s, 1H), 4.45 (dd, J= 60.6, 13.3 Hz, 2H), 3.91 (s, 3H), 2.87 (s,3H), 2.32 (s, 3H).",data/bronze/artifacts/2017_raw.xlsx,표3,96,False,False,False
95,CC1=CC(CS(=O)/C2=C(\C(=O)C(C)C)C(=O)C3=C(Cl)C=CC(Br)=C3N2)=NO1,8-bromo-5-chloro-3-isobutyryl-2-(((5-methylisoxazol-3-yl)methyl)sulfinyl)quinolin-4(1H)-one,471.75,471,"¹H NMR (300 MHz, CDCl3)δ10.49(br s, 1H), 7.75-7.72 (d, J=8.43 Hz, 1H), 7.34-7.31(d, J=8.37 Hz, 1H), 6.13(s, 1H), 4.47(s, 2H), 4.16-4.07(m, 1H), 2.35(s, 3H), 1.23-1.17(dd, J=6.7, 12.0 Hz, 6H).",data/bronze/artifacts/2017_raw.xlsx,표3,97,False,False,False
96,CC1=CC(CS(=O)/C2=C(\C(=O)C3CC3)C(=O)C3=C(Cl)C=CC(Br)=C3N2)=NO1,8-bromo-5-chloro-3-(cyclopropanecarbonyl)-2-(((5-methylisoxazol-3-yl)methyl)sulfinyl)quinolin-4(1H)-one,469.73,469,"¹H NMR (300 MHz, CDCl3)δ10.44(br s, 1H), 7.75-7.72 (d, J=8.43 Hz, 1H), 7.34-7.31(d, J=8.4 Hz, 1H), 6.11(s, 1H), 4.48-4.37(q, J=10.5 Hz, 2H), 3.70-3.62(m, 1H), 2.35(s, 3H), 1.28-1.05(m, 4H).",data/bronze/artifacts/2017_raw.xlsx,표3,98,False,False,False
97,CC1=CC(CS(=O)/C2=C(\C(=O)C3CC3)C(=O)C3=C(Cl)C=CC(Cl)=C3N2)=NO1,"5,8-dichloro-3-(cyclopropanecarbonyl)-2-(((5-methylisoxazol-3-yl)methyl)sulfinyl)quinolin-4(1H)-one",425.28,425,"¹H NMR (300 MHz, CDCl3)δ10.42(br s, 1H), 7.61-7.58 (d, J=8.43 Hz, 1H), 7.41-7.38(d, J=8.43 Hz, 1H), 6.12(s, 1H), 4.49-4.37(q, J=11.7 Hz, 2H), 3.71-3.62(m, 1H), 2.36(s, 3H), 1.29-1.06(m, 4H).",data/bronze/artifacts/2017_raw.xlsx,표3,99,False,False,False
98,CC(=O)/C1=C(\S(=O)CC2=CC=C(C#N)S2)NC2=C(Br)C=CC(Cl)=C2C1=O,"5-(((3-acetyl-8-bromo-5-chloro-4-oxo-1,4-dihydroquinolin-2-yl)sulfinyl)methyl)thiophene-2-carbonitrile",469.75,469,"¹H NMR (300 MHz, CDCl3)δ10.31(br s, 1H), 7.79-7.77 (d, J= 8.43 Hz, 1H), 7.42-7.36(m, 2H), 6.91-6.86(d, J= 3.84 Hz, 1H), 4.77-4.72(d, J= 13.74 , 1H), 4.63-4.59(d, J= 13.71, 1H), 2.86(s, 3H).",data/bronze/artifacts/2017_raw.xlsx,표3,100,False,False,False
99,CC(=O)/C1=C(\S(=O)CC2=CC=C(N3C=CC=N3)N=C2)NC2=C(Br)C=CC(Cl)=C2C1=O,2-(((6-(1H-pyrazol-1-yl)pyridin-3-yl)methyl)sulfinyl)-3-acetyl-8-bromo-5-chloroquinolin-4(1H)-one,505.77,505,"¹H NMR (300 MHz, DMSO-d6)δ10.00(br s, 1H), 8.46-8.45 (s,1H), 8.11(s, 1H), 7.89-7.86(d, J=8.46 Hz, 1H), 7.80(s, 1H), 7.79-7.71(m, 2H), 7.41-7.38(d, J=8.37 Hz, 1H), 6.55(s, 1H), 4.79-4.75(d, J=12.99 Hz, 1H), 4.43-4.38(d, J=13.08 Hz, 1H), 2.70(s, 3H).",data/bronze/artifacts/2017_raw.xlsx,표3,101,False,False,False
100,CC(=O)/C1=C(\S(=O)CC2=CC=C(N)N=C2)NC2=C(Br)C=CC(Cl)=C2C1=O,3-acetyl-2-(((6-aminopyridin-3-yl)methyl)sulfinyl)-8-bromo-5-chloroquinolin-4(1H)-one,454.72,454,"¹H NMR (300 MHz, DMSO-d6)δ8.22-7.65 (m, 4H), 7.09-7.06(m, 1H), 4.36-4.32(m,1H), 4.14-4.11(m, 1H), 2.88(s, 3H).",data/bronze/artifacts/2017_raw.xlsx,표3,102,False,False,False
101,ClC1=C2C(NC(=C(C(=O)C3CC3)C2=O)S(=O)CC4=CC=C(C=C4)SC(F)(F)F)=C(Br)C=C1,8-bromo-5-chloro-3-(cyclopropanecarbonyl)-2-((4-((trifluoromethyl)thio)benzyl)sulfinyl)quinolin-4(1H)-one,564.82,564,"¹H NMR (300 MHz, DMSO-d6)δ10.11(br s, 1H), 8.08-8.06 (d,J=8.43 Hz, 1H), 7.55-7.52(d, J =7.71 Hz, 2H), 7.45-7.43(d, J=8.37 Hz, 1H), 7.20-7.17(d, J=7.71 Hz, 2H), 4.65-4.61(d, J=12.66 Hz, 1H), 4.42-4.37(d, J=12.87 Hz, 1H), 3.55-3.47(m, 1H), 1.28-1.02(m, 4H).",data/bronze/artifacts/2017_raw.xlsx,표3,103,True,False,True
102,CC(=O)/C1=C(\S(=O)CC2=CC=C(C(F)(F)F)N=C2C)NC2=C(Br)C=CC(Cl)=C2C1=O,3-acetyl-8-bromo-5-chloro-2-(((2-methyl-6-(trifluoromethyl)pyridin-3-yl)methyl)sulfinyl)quinolin-4(1H)-one,521.73,521,"¹H NMR (300 MHz, DMSO-d6)δ10.32(br s, 1H), 8.02-7.99(d, J=8.46 Hz, 1H), 7.68-7.65(d, J=7.98 Hz, 1H), 7.55-7.52(d, J=7.89 Hz, 1H), 7.45-7.42(d, J=8.49 Hz, 1H), 4.95-4.91(d, J=13.41 Hz, 1H), 4.51-4.46(d,J= 13.08 Hz, 2H), 2.68(s, 3H), 2.61(s, 3H).",data/bronze/artifacts/2017_raw.xlsx,표3,104,False,False,False
103,CC(=O)/C1=C(\S(=O)CC2=CC=C(NS(C)(=O)=O)C=C2)NC2=C(Br)C=CC(Cl)=C2C1=O,"N-(4-(((3-acetyl-8-bromo-5-chloro-4-oxo-1,4-dihydroquinolin-2-yl)sulfinyl)methyl)phenyl)methanesulfonamide",531.82,531,"¹H NMR (300 MHz, DMSO-d6)δ10.25(br s, 1H), 8.01 (m, 1H), 7.67-7.64(m, 1H), 7.41-6.98(m,6H),4.79-4.50(m,2H), 4.30-4.22(m, 2H), 2.81(s, 3H), 2.68(s, 3H).",data/bronze/artifacts/2017_raw.xlsx,표3,105,False,False,False
104,CC(=O)/C1=C(\S(=O)CC2=CC=C(Cl)N=C2)NC2=C(Br)C=CC(Cl)=C2C1=O,3-acetyl-8-bromo-5-chloro-2-(((6-chloropyridin-3-yl)methyl)sulfinyl)quinolin-4(1H)-one,474.15,474,"¹H NMR (300 MHz, CDCl3)δ10.20 (s, 1H), 8.10 (s, 1H), 7.76 (d, J= 8.4 Hz, 1H), 7.51 (d, J= 7.8 Hz, 1H), 7.36 (d, J= 8.4 Hz, 1H), 7.24 (d, J= 8.1 Hz, 1H), 4.41 (dd, J= 26.8, 13.0 Hz, 2H), 2.86 (s, 3H).",data/bronze/artifacts/2017_raw.xlsx,표3,106,False,False,False
105,COCCNC1=CC=C(CS(=O)/C2=C(\C(C)=O)C(=O)C3=C(Cl)C=CC(Br)=C3N2)C=N1,3-acetyl-8-bromo-5-chloro-2-(((6-((2-methoxyethyl)amino)pyridin-3-yl)methyl)sulfinyl)quinolin-4(1H)-one,512.8,512,"¹H NMR (300 MHz, CDCl3) δ 12.59 (s,1H), 7.75 (d,J= 8.2 Hz, 1H), 7.63 (d, J= 7.6 Hz, 1H), 7.04 (d, J= 8.2 Hz, 2H), 6.11 (d, J= 7.6 Hz, 1H), 4.61 4.53 (m, 1H), 3.90 3.84 (m, 1H), 3.71 3.65 (m, 2H), 3.64 3.55 (m, 2H), 3.41 (s, 3H), 3.33 (s, 3H).",data/bronze/artifacts/2017_raw.xlsx,표3,107,False,False,False
106,CC(=O)/C1=C(\S(=O)CC2=NON=C2C)NC2=C(Br)C=CC(Cl)=C2C1=O,"3-acetyl-8-bromo-5-chloro-2-(((4-methyl-1,2,5-oxadiazol-3-yl)methyl)sulfinyl)quinolin-4(1H)-one",444.68,444,"¹H NMR (300 MHz, DMSO-d6)δ 7.76-7.73(d, J= 8.5 Hz, 1H), 7.08-7.06(d, J= 8.5 Hz, 1H), 4.52-4.48(d, J= 12.0 Hz, 1H), 4.28-4.23 (d, J= 12.0 Hz, 1H), 2.50(s, 3H), 2.44(s, 3H).",data/bronze/artifacts/2017_raw.xlsx,표3,108,False,False,False
107,CC(=O)/C1=C(\S(=O)CC2=C/N=C3/NC=C/C3=C\2)NC2=C(Br)C=CC(Cl)=C2C1=O,"2-(((1H-pyrrolo[2,3-b]pyridin-5-yl)methyl)sulfinyl)-3-acetyl-8-bromo-5-chloroquinolin-4(1H)-one",478.75,478,"¹H NMR (300 MHz, DMSO-d6)δ11.62(br s, 1H), 8.00-7.32 (m, 5H), 6.38(s, 1H), 4.62-4.58(m, 1H), 4.20-4.10(m, 1H), 2.60(s, 3H).",data/bronze/artifacts/2017_raw.xlsx,표3,109,False,True,False
