compound_label,smiles_raw,Starting Material ,starting_material_2,method,provenance_file,provenance_sheet,provenance_row
Example 1,CC(C)C1=C(C2=NC=C3/C=N\N(CC4=CC=C(C5=NC(C(F)(F)F)=CN5C)C=C4)C3=N2)C=CC=C1,I-1,CC(C)C1=C(B(O)O)C=CC=C1,A,data/bronze/artifacts/2020_raw.xlsx,Example 1 ~ Example 217,5
Example 2,COC1=C(C2=NC=C3/C=N\N(CC4=CC=C(C5=NC(C(F)(F)F)=CN5C)C=C4)C3=N2)C=CC=C1,I-1,COC1=C(B(O)O)C=CC=C1,A,data/bronze/artifacts/2020_raw.xlsx,Example 1 ~ Example 217,6
Example 3,CN1C=C(C(F)(F)F)N=C1C1=CC=C(CN2/N=C\C3=CN=C(C4=C(S(C)(=O)=O)C=CC=C4)N=C32)C=C1,I-1,OB(O)C1C=CC=CC=1*,A,data/bronze/artifacts/2020_raw.xlsx,Example 1 ~ Example 217,7
Example 4,COC1=CC=CC(OC)=C1C1=NC=C2/C=N\N(CC3=CC=C(C4=NC(C(F)(F)F)=CN4C)C=C3)C2=N1,I-1,COC1=CC=CC(OC)=C1B(O)O,A,data/bronze/artifacts/2020_raw.xlsx,Example 1 ~ Example 217,8
Example 5,COC1=C(C2=NC=C3/C=N\N(CC4=CC=C(C5=NC(C(F)(F)F)=CN5C)C=C4)C3=N2)C(C)=CC=C1,I-1,COC1=C(B(O)O)C(C)=CC=C1,A,data/bronze/artifacts/2020_raw.xlsx,Example 1 ~ Example 217,9
Example 6,COC1=C(C2=NC=C3/C=N\N(CC4=CC=C(C5=NC(C(F)(F)F)=CN5C)C=C4)C3=N2)C(C)=CC=N1,I-1,COC1=C(B(O)O)C(C)=CC=N1,A,data/bronze/artifacts/2020_raw.xlsx,Example 1 ~ Example 217,10
Example 7,CCS(=O)(=O)C1=C(C2=NC=C3/C=N\N(CC4=CC=C(C5=NC(C(F)(F)F)=CN5C)C=C4)C3=N2)C=CC=C1,I-1,CCS(=O)(=O)C1=C(B(O)O)C=CC=C1,A,data/bronze/artifacts/2020_raw.xlsx,Example 1 ~ Example 217,11
Example 8,COC1=C(C2=NC=C3/C=N\N(CC4=CC=C(C5=NC(C(F)(F)F)=CN5C)C=C4)C3=N2)C=CN=C1,I-1,COC1=C(B(O)O)C=CN=C1,A,data/bronze/artifacts/2020_raw.xlsx,Example 1 ~ Example 217,12
Example 9,CC(C)C1=C(C2=N/C=C3/C=NN(CC4=CC=C(C5=NC(C(F)(F)F)=CN5C)C=C4)/C3=N\2)C=CC=N1,I-1,BB-1,A,data/bronze/artifacts/2020_raw.xlsx,Example 1 ~ Example 217,13
Example 10,CC(C)C1=C(C2=NC3=C(C=N2)/C=N\N3CC2=CC=C(C3=NC(C(F)(F)F)=CN3C)C=C2)C=CC=C1F,I-1,BB-2,A,data/bronze/artifacts/2020_raw.xlsx,Example 1 ~ Example 217,14
Example 11,COC1=C(C2=N/C=C3\C=NN(CC4=CC=C(C5=NC(C(F)(F)F)=CN5C)C=C4)\C3=N\2)C(C2CC2)=CC=C1,I-1,BB-3,A,data/bronze/artifacts/2020_raw.xlsx,Example 1 ~ Example 217,15
Example 12,COC1=C(C2=N/C=C3\C=NN(CC4=CC=C(C5=NC(C(F)(F)F)=CN5C)C=C4)\C3=N\2)C(C2CC2)=NC=N1,I-1,BB-4,A,data/bronze/artifacts/2020_raw.xlsx,Example 1 ~ Example 217,16
Example 13,COC1=C(C2=NC=C3/C=N\N(CC4=CC=C(C5=CN(C)C(C(F)(F)F)=N5)C=C4)C3=N2)C(C2CC2)=NC=N1,I-16,BB-4,B,data/bronze/artifacts/2020_raw.xlsx,Example 1 ~ Example 217,17
Example 14,N1=C2C(C=NN2CC2=CC=C(C3N(C=C(C(F)(F)F)N=3)C([2H])([2H])[2H])C=C2)=CN=C1C1C(=NC=NC=1OC)C1CC1,I-15,BB-4,C,data/bronze/artifacts/2020_raw.xlsx,Example 1 ~ Example 217,18
Example 15,COC1=C(C2=N/C=C3\C=NN(CC4=CC=C(C5=NC(C(F)(F)F)=CN5C)C=C4)\C3=N\2)C(C2CCC2)=NC=N1,I-1,BB-20,B,data/bronze/artifacts/2020_raw.xlsx,Example 1 ~ Example 217,19
Example 16,COC1=C(C2=N/C=C3\C=NN(CC4=CC=C(C5=NC(C(F)(F)F)=CN5C(C)C)C=C4)\C3=N\2)C(C2CCC2)=NC=N1,I-6,BB-20,B,data/bronze/artifacts/2020_raw.xlsx,Example 1 ~ Example 217,20
Example 17,COC1=C(C2=N/C=C3\C=NN(CC4=CC=C(C5=NC(C(F)(F)F)=CN5C)C(F)=C4)\C3=N\2)C(C2CC2)=NC=N1,I-8,BB-4,B,data/bronze/artifacts/2020_raw.xlsx,Example 1 ~ Example 217,21
Example 18,CCN1C=C(C(F)(F)F)N=C1C1=CC=C(CN2N=CC3=C\N=C(C4=C(OC)N=CN=C4C4CC4)/N=C\32)C=C1F,I-10,BB-4,B,data/bronze/artifacts/2020_raw.xlsx,Example 1 ~ Example 217,22
Example 19,COC1=C(C2=NC=C3/C=N\N(CC4=CC=C(C5=NC(C(F)(F)F)=CN5C(C)C)C(F)=C4)C3=N2)C(C2CC2)=NC=N1,I-11,BB-4,B,data/bronze/artifacts/2020_raw.xlsx,Example 1 ~ Example 217,23
Example 20,COC1=C(C2=N/C=C3\C=NN(CC4=C(F)C=C(C5=NC(C(F)(F)F)=CN5C)C=C4)\C3=N\2)C(C2CC2)=NC=N1,I-9,BB-4,C,data/bronze/artifacts/2020_raw.xlsx,Example 1 ~ Example 217,24
Example 21,CSC1=C(C2=NC=C3/C=N\N(CC4=CC=C(C5=NC(C(F)(F)F)=CN5C)C=C4)C3=N2)C(C)=CC=C1,I-1,BB-6,A,data/bronze/artifacts/2020_raw.xlsx,Example 1 ~ Example 217,25
Example 22,CC1=C2\C=NN(CC3=CC=C(C4=NC(C(F)(F)F)=CN4C)C=C3)\C2=N/C(C2=C(C(C)C)C=CC=C2)=N\1,I-2,CC(C)C1=C(B(O)O)C=CC=C1,A,data/bronze/artifacts/2020_raw.xlsx,Example 1 ~ Example 217,26
Example 23,CC1=CC(C(F)(F)F)=NN1C1=CC=C(CN2N=CC3=C/N=C(C4=C(C(C)C)C=CC=C4)\N=C\32)C=C1,I-19,CC(C)C1=C(B(O)O)C=CC=C1,A,data/bronze/artifacts/2020_raw.xlsx,Example 1 ~ Example 217,27
Example 24,CC(C)C1=C(C2=N/C=C3/C=NN(C(C)C4=CC=C(C5=NC(C(F)(F)F)=CN5C)C=C4)/C3=N\2)C=CC=C1,I-24,CC(C)C1=C(B(O)O)C=CC=C1,A,data/bronze/artifacts/2020_raw.xlsx,Example 1 ~ Example 217,28
Example 25,CC1=NN(CC2=CC=C(C3=NC(C(F)(F)F)=CN3C)C=C2)/C2=N\C(C3=C(C(C)C)C=CC=C3)=N/C=C\12,I-4,CC(C)C1=C(B(O)O)C=CC=C1,A,data/bronze/artifacts/2020_raw.xlsx,Example 1 ~ Example 217,29
Example 26,CC1=CC(C(F)(F)F)=NN1C1=CC=C(CN2N=CC3=C\N=C(C4=C(C(C)C)N=CC=C4)/N=C\32)C=C1,I-19,BB-1,A,data/bronze/artifacts/2020_raw.xlsx,Example 1 ~ Example 217,30
Example 27,COC1=C(C2=N/C=C3\C=NN(CC4=CC=C(N5N=C(CF)C=C5C)C=C4)\C3=N\2)C(C2CC2)=NC=N1,I-19,BB-4,A,data/bronze/artifacts/2020_raw.xlsx,Example 1 ~ Example 217,31
Example 28,COC1=C2/C=N\N(CC3=CC=C(N4N=C(CF)C=C4C)C=C3)C2=NC(C2=C(OC)N=CN=C2C2CC2)=N1,I-22,BB-4,A,data/bronze/artifacts/2020_raw.xlsx,Example 1 ~ Example 217,32
Example 29,COC1=C(C2=N/C=C3\C=NN(CC4=CC=C(N5N=C(CF)C=C5C(C)C)C=C4)\C3=N\2)C(C2CC2)=NC=N1,I-20,BB-4,B,data/bronze/artifacts/2020_raw.xlsx,Example 1 ~ Example 217,33
Example 30,COC1=C(C2=N/C=C3\C=NN(CC4=CC=C(N5N=C(CF)C=C5C5=CC=CO5)C=C4)\C3=N\2)C(C2CC2)=NC=N1,I-21,B-4,B,data/bronze/artifacts/2020_raw.xlsx,Example 1 ~ Example 217,34
Example 31,COC1=CC(CN2N=CC3=C\N=C(C4=C(OC)N=CN=C4C4CC4)/N=C\32)=CC=C1N1N=C(CF)C=C1C,I-23,BB-4,B,data/bronze/artifacts/2020_raw.xlsx,Example 1 ~ Example 217,35
Example 32,CC1=CC(C(F)F)=NN1C1=CC=C(CN2/N=C\C3=CN=C(C4=C(C(C)C)N=CC=C4)N=C32)C=C1,I-32,BB-1,A,data/bronze/artifacts/2020_raw.xlsx,Example 1 ~ Example 217,36
Example 33,COC1=C(C2=N/C=C3\C=NN(CC4=CC=C(C5=NC(C(F)(F)F)=CN5C)C=C4)\C3=N\2)C(C)=NC=N1,I-1,BB-5,A,data/bronze/artifacts/2020_raw.xlsx,Example 1 ~ Example 217,37
Example 34,COC1=C(C2=NC=C3/C=N\N(CC4=CC=C(C5=CN(C(C)C)C(C(F)(F)F)=N5)C=C4)C3=N2)C(C2CC2)=NC=N1,I-17,BB-4,B,data/bronze/artifacts/2020_raw.xlsx,Example 1 ~ Example 217,38
Example 35,COC1=CC(CN2N=CC3=C\N=C(C4=C(OC)N=CN=C4C4CC4)/N=C\32)=CC=C1C1=CN(C)C(C(F)(F)F)=N1,I-18,BB-4,B,data/bronze/artifacts/2020_raw.xlsx,Example 1 ~ Example 217,39
Example 36,COC1=C(C2=N/C=C3\C=NN(CC4=CC=C(C5=NN(C)C(C(F)F)=N5)C=C4)\C3=N\2)C(C2CC2)=NC=N1,I-34,BB-4,A,data/bronze/artifacts/2020_raw.xlsx,Example 1 ~ Example 217,40
Example 37,COC1=CC(C(F)(F)F)=NN1C1=CC=C(CN2N=CC3=C\N=C(C4=C(OC)N=CN=C4C4CC4)/N=C\32)C=C1,I-39,BB-4,A,data/bronze/artifacts/2020_raw.xlsx,Example 1 ~ Example 217,41
Example 38,COC1=C(C2=N/C=C3\C=NN(CC4=CC=C(N5N=C(C(F)(F)F)C=C5SC)C=C4)\C3=N\2)C(C2CC2)=NC=N1,I-50,BB-4,A,data/bronze/artifacts/2020_raw.xlsx,Example 1 ~ Example 217,42
Example 39,CCOC1=C(C2=N/C=C3\C=NN(CC4=CC=C(C5=NC(CF)=CN5C)C=C4)\C3=N\2)C(C2CC2)=NC=N1,I-1,BB-16,B,data/bronze/artifacts/2020_raw.xlsx,Example 1 ~ Example 217,43
Example 40,CC(C)OC1=C(C2=N/C=C3\C=NN(CC4=CC=C(C5=NC(C(F)(F)F)=CN5C)C=C4)\C3=N\2)C(C2CC2)=NC=N1,I-1,BB-26,C,data/bronze/artifacts/2020_raw.xlsx,Example 1 ~ Example 217,44
Example 41,CN1C=C(C(F)(F)F)N=C1C1=CC=C(CN2N=CC3=C\N=C(C4=C(OC5CCOC5)N=CN=C4C4CC4)/N=C\32)C=C1,I-1,BB-7,A,data/bronze/artifacts/2020_raw.xlsx,Example 1 ~ Example 217,45
Example 42,COCCOC1=C(C2=N/C=C3\C=NN(CC4=CC=C(C5=NC(C(F)(F)F)=CN5C)C=C4)\C3=N\2)C(C2CC2)=NC=N1,I-1,BB-8,A,data/bronze/artifacts/2020_raw.xlsx,Example 1 ~ Example 217,46
Example 43,COCCOC1=C(C2=N/C=C3\C=NN(CC4=CC=C(N5N=C(C(F)(F)F)C=C5C)C=C4)\C3=N\2)C(C2CC2)=NC=N1,I-19,BB-8,A,data/bronze/artifacts/2020_raw.xlsx,Example 1 ~ Example 217,47
Example 44,CC1=CC(CF)=NN1C1=CC=C(CN2/N=C\C3=CN=C(C4=C(C)C=NN4C(C)C)N=C32)C=C1,I-19,BB-31,A,data/bronze/artifacts/2020_raw.xlsx,Example 1 ~ Example 217,48
Example 45,CC1=CC(C(F)(F)F)=NN1C1=CC=C(CN2N=CC3=C\N=C(C4=C(C(C)C)N=CN=C4C)/N=C\32)C=C1,I-19,BB-35,A,data/bronze/artifacts/2020_raw.xlsx,Example 1 ~ Example 217,49
Example 46,CSC1=C(C2=NC=C3/C=N\N(CC4=CC=C(N5N=C(C(F)(F)F)C=C5C)C=C4)C3=N2)C(C)=NC=N1,I-19,BB-9,A,data/bronze/artifacts/2020_raw.xlsx,Example 1 ~ Example 217,50
Example 47,COCCOC1=C(C2=NC=C3/C=N\N(CC4=CC=C(N5N=C(C(F)(F)F)C=C5C)C=C4)C3=N2)C(C)=NC=N1,I-19,BB-10,A,data/bronze/artifacts/2020_raw.xlsx,Example 1 ~ Example 217,51
Example 48,COC1=C(C2=NC=C3/C=N\N(CC4=CC=C(N5N=C(C(F)(F)F)C=C5C)C=C4)C3=N2)C(C)=NC=N1,I-19,BB-5,A,data/bronze/artifacts/2020_raw.xlsx,Example 1 ~ Example 217,52
Example 49,CC1=CC(C(F)(F)F)=NN1C1=CC=C(CN2N=CC3=C2/N=C(C2=C(C#N)N=CC=C2)\N=C/3)C=C1,I-19,N1=CC=CC(*)=C1C#N,A,data/bronze/artifacts/2020_raw.xlsx,Example 1 ~ Example 217,53
Example 50,COC1=C(C2=N/C3=C(C=NN3CC3=CC=C(N4N=C(C(F)F)C=C4C)C=C3)/C=N\2)C(C2CC2)=NC=N1,I-32,BB-4,A,data/bronze/artifacts/2020_raw.xlsx,Example 1 ~ Example 217,54
Example 51,CCN1C=C(C(F)(F)F)N=C1C1=CC=C(CN2N=CC3=C\N=C(C4=C(OC)N=CN=C4C4CC4)/N=C\32)C=C1,I-5,BB-4,C,data/bronze/artifacts/2020_raw.xlsx,Example 1 ~ Example 217,55
Example 52,CCN1C=C(C(F)(F)F)N=C1C1=CC=C(CN2/N=C\C3=C(OC)N=C(C4=C(OC)N=CN=C4C4CC4)N=C32)C=C1,I-22b,BB-4,A,data/bronze/artifacts/2020_raw.xlsx,Example 1 ~ Example 217,56
Example 53,CCN1C=C(C(F)(F)F)N=C1C1=CC=C(CN2N=CC3=C(C)/N=C(C4=C(OC)N=CN=C4C4CC4)\N=C\32)C=C1,I-3,BB-4,B,data/bronze/artifacts/2020_raw.xlsx,Example 1 ~ Example 217,57
Example 54,CCN1C=C(CF)N=C1C1=CC=C(CN2N=CC3=C\N=C(C4=C(OCCF)N=CN=C4C4CC4)/N=C\32)C=C1,I-5,BB-11,A,data/bronze/artifacts/2020_raw.xlsx,Example 1 ~ Example 217,58
Example 55,COC1=C(C2=N/C=C3\C=NN(CC4=CC=C(C5=NC(C(F)F)=NN5C)C=C4)\C3=N\2)C(C2CC2)=NC=N1,I-33,BB-4,A,data/bronze/artifacts/2020_raw.xlsx,Example 1 ~ Example 217,59
Example 56,COC1=C(C2=N/C=C3\C=NN(CC4=CC=C(C5=NC(C(F)(F)F)=NN5C)C=C4)\C3=N\2)C(C2CC2)=NC=N1,I-36,BB-4,A,data/bronze/artifacts/2020_raw.xlsx,Example 1 ~ Example 217,60
Example 57,COC1=C(C2=N/C=C3\C=NN(CC4=CC=C(C5=NC(C(F)(F)F)=NN5C)C(F)=C4)\C3=N\2)C(C2CC2)=NC=N1,I-37,BB-4,B,data/bronze/artifacts/2020_raw.xlsx,Example 1 ~ Example 217,61
Example 58,COC1=C(C2=NC=C3/C=N\N(CC4=CC=C(C5=NC(C(F)(F)F)=NN5C(C)C)C=C4)C3=N2)C(C2CC2)=NC=N1,I-38,BB-4,B,data/bronze/artifacts/2020_raw.xlsx,Example 1 ~ Example 217,62
Example 59,CCN1C=C(C(F)(F)F)N=C1C1=CC=C(CN2N=CC3=C\N=C(C4=C(OC(C)(C)C)N=CN=C4C4CC4)/N=C\32)C=C1,I-5,BB-12,A,data/bronze/artifacts/2020_raw.xlsx,Example 1 ~ Example 217,63
Example 60,COC1=NC(C2=CC=C(CN3N=CC4=C3/N=C(C3=C(OC)N=CN=C3C3CC3)\N=C/4)C=C2)=NN1C,I-51,BB-4,A,data/bronze/artifacts/2020_raw.xlsx,Example 1 ~ Example 217,64
Example 61,CCN1C=C(C(F)(F)F)N=C1C1=CC=C(CN2/N=C\C3=CN=C(C4=C(OC(F)F)N=CN=C4C4CC4)N=C32)C=C1,I-5,BB-25,A,data/bronze/artifacts/2020_raw.xlsx,Example 1 ~ Example 217,65
Example 62,CC(C)N1C=C(C(F)(F)F)N=C1C1=CC=C(CN2/N=C\C3=CN=C(C4=C(OC(F)F)N=CN=C4C4CC4)N=C32)C=C1,I-6,BB-25,C,data/bronze/artifacts/2020_raw.xlsx,Example 1 ~ Example 217,66
Example 63,CCN1C=C(C(F)(F)F)N=C1C1=CC=C(CN2N=CC3=C\N=C(C4=C(OC5CC5)N=CN=C4C4CC4)/N=C\32)C=C1,I-5,BB-14,A,data/bronze/artifacts/2020_raw.xlsx,Example 1 ~ Example 217,67
Example 64,CCN1C=C(C(F)(F)F)N=C1C1=CC=C(CN2N=CC3=C\N=C(C4=C(OC5CCC5)N=CN=C4C4CC4)/N=C\32)C=C1,I-5,BB-13,A,data/bronze/artifacts/2020_raw.xlsx,Example 1 ~ Example 217,68
Example 65,COC1=CC(CF)=NN1C1=CC=C(CN2/N=C\C3=CN=C(C4=C(OC)N=CN=C4C)N=C32)C=C1,I-39,BB-5,A,data/bronze/artifacts/2020_raw.xlsx,Example 1 ~ Example 217,69
Example 66,COC1=CC(CF)=NN1C1=CC=C(C(C)N2/N=C\C3=CN=C(C4=C(OC)N=CN=C4C)N=C32)C=C1,I-44,BB-5,A,data/bronze/artifacts/2020_raw.xlsx,Example 1 ~ Example 217,70
Example 67,C([2H])([2H])[2H]OC1N=CN=C(C=1C1=NC=C2C(N(CC3C=CC(C4=NC(CF)=CN4CC)=CC=3)N=C2)=N1)C1CC1,I-5,BB-15,A,data/bronze/artifacts/2020_raw.xlsx,Example 1 ~ Example 217,71
Example 68,CCN1C=C(CF)N=C1C1=CC=C(CN2N=CC3=C/N=C(C4=C(C5CC5)C=NN4CC)\N=C\32)C=C1,I-5,BB-32,A,data/bronze/artifacts/2020_raw.xlsx,Example 1 ~ Example 217,72
Example 69,COC1=C(C2=NC=C3/C=N\N(CC4=CC=C(N5N=C(C#N)C=C5C)C=C4)C3=N2)C(C2CC2)=NC=N1,I-53,BB-4,A,data/bronze/artifacts/2020_raw.xlsx,Example 1 ~ Example 217,73
Example 70,COC1=CC(C#N)=NN1C1=CC=C(CN2N=CC3=C\N=C(C4=C(OC)N=CN=C4C4CC4)/N=C\32)C=C1,I-45,BB-4,A,data/bronze/artifacts/2020_raw.xlsx,Example 1 ~ Example 217,74
Example 71,COC1=C(C2=N/C=C3\C=NN(CC4=CC=C(N5N=C(C(F)(F)F)C=C5C#N)C=C4)\C3=N\2)C(C2CC2)=NC=N1,I-54,BB-4,A,data/bronze/artifacts/2020_raw.xlsx,Example 1 ~ Example 217,75
Example 72,COC1=C(C2=NC3=C(C=N2)/C=N\N3CC2=CC=C(C3=NC(C#N)=CN3C(C)C)C=C2)C(C2CC2)=NC=N1,I-57,BB-4,C,data/bronze/artifacts/2020_raw.xlsx,Example 1 ~ Example 217,76
Example 73,COC1=C(C2=NC3=C(C=N2)/C=N\N3CC2=CC=C(C3=NC([N+](=O)[O-])=CN3C(C)C)C=C2)C(C2CC2)=NC=N1,I-58,BB-4,C,data/bronze/artifacts/2020_raw.xlsx,Example 1 ~ Example 217,77
Example 74,COC1=CN(C(C)C)C(C2=CC=C(CN3/N=C\C4=C3N=C(C3=C(OC)N=CN=C3C3CC3)N=C4)C=C2)=N1,I-56,BB-4,B,data/bronze/artifacts/2020_raw.xlsx,Example 1 ~ Example 217,78
Example 75,CCN1C=C(C(F)(F)F)N=C1C1=NC=C(CN2N=CC3=C2/N=C(C2=C(OC)N=CN=C2C2CC2)\N=C/3)C=C1,I-7,BB-4,A,data/bronze/artifacts/2020_raw.xlsx,Example 1 ~ Example 217,79
Example 76,CCOC1=CC(CF)=NN1C1=CC=C(CN2N=CC3=C2/N=C(C2=C(OC)N=CN=C2C2CC2)\N=C/3)C=C1,I-40,BB-4,A,data/bronze/artifacts/2020_raw.xlsx,Example 1 ~ Example 217,80
Example 77,COCCOC1=CC(CF)=NN1C1=CC=C(CN2N=CC3=C2/N=C(C2=C(OC)N=CN=C2C2CC2)\N=C/3)C=C1,I-41,BB-4,A,data/bronze/artifacts/2020_raw.xlsx,Example 1 ~ Example 217,81
Example 78,COC1=C(C2=N/C3=C(C=NN3CC3=CC=C(N4N=C(CF)C=C4OCCO)C=C3)/C=N\2)C(C2CC2)=NC=N1,I-42,BB-4,A,data/bronze/artifacts/2020_raw.xlsx,Example 1 ~ Example 217,82
Example 79,COC1=CC(CF)=NN1C1=CC=C(CN2N=CC3=C\N=C(C4=C(OC)N=CN=C4C4CC4)/N=C\32)C=N1,I-43,BB-4,A,data/bronze/artifacts/2020_raw.xlsx,Example 1 ~ Example 217,83
Example 80,COC1=C(C2=NC=C3/C=N\N(CC4=CC=C(C5=NC(C(F)(F)F)=CN5C)C=C4)C3=N2)N(C2CC2)N=C1,I-59,BB-33,A,data/bronze/artifacts/2020_raw.xlsx,Example 1 ~ Example 217,84
Example 81,COC1=C(C2=NC=C3/C=N\N(CC4=CC=C(C5=NC(CF)=CN5C)C=C4)C3=N2)N(C2CC2)N=C1,I-1,BB-33,A,data/bronze/artifacts/2020_raw.xlsx,Example 1 ~ Example 217,85
Example 82,CCN1C=C(CF)N=C1C1=CC=C(CN2N=CC3=C/N=C(C4=C(OC)C=NN4C4CC4)\N=C\32)C=C1,I-5,BB-33,A,data/bronze/artifacts/2020_raw.xlsx,Example 1 ~ Example 217,86
Example 83,COC1=C(C2=NC=C3/C=N\N(CC4=CC=C(C5=NC(CF)=CN5C(C)C)C=C4)C3=N2)N(C2CC2)N=C1,I-6,BB-33,A,data/bronze/artifacts/2020_raw.xlsx,Example 1 ~ Example 217,87
Example 84,CCN1C=C(CF)N=C1C1=CC=C(CN2N=CC3=C/N=C(C4=C(OC)C=NN4C4CCC4)/N=C\32)C=C1,I-5,BB-34,A,data/bronze/artifacts/2020_raw.xlsx,Example 1 ~ Example 217,88
Example 85,COC1=C(C2=N/C3=C(C=NN3CC3=CC=C(C4=NN(C)C(CF)=N4)C=C3)/C=N\2)C(C2CC2)=NC=N1,I-52,BB-4,A,data/bronze/artifacts/2020_raw.xlsx,Example 1 ~ Example 217,89
Example 86,COC1=NC=NC(OC)=C1C1=NC=C2/C=N\N(CC3=CC=C(C4=NC(CF)=CN4C)C=C3)C2=N1,I-1,BB-29,B,data/bronze/artifacts/2020_raw.xlsx,Example 1 ~ Example 217,90
Example 87,CCN1C=C(C(F)(F)F)N=C1C1=CC=C(CN2/N=C\C3=CN=C(C4=C(OC)N=CN=C4OC)N=C32)C=C1,I-5,BB-29,B,data/bronze/artifacts/2020_raw.xlsx,Example 1 ~ Example 217,91
Example 88,CCN1C=C(C(F)(F)F)N=C1C1=CC=C([C@H](C)N2/N=C\C3=CN=C(C4=C(OC)N=CN=C4OC)N=C32)C=C1,I-28,BB-29,B,data/bronze/artifacts/2020_raw.xlsx,Example 1 ~ Example 217,92
Example 89,CCN1C=C(C(F)(F)F)N=C1C1=CC=C([C@@H](C)N2/N=C\C3=CN=C(C4=C(OC)N=CN=C4OC)N=C32)C=C1,I-25,BB-29,B,data/bronze/artifacts/2020_raw.xlsx,Example 1 ~ Example 217,93
Example 90,COC1=NC=NC(OC)=C1C1=N\C=C2\C=NN(CC3=CC=C(C4=NC(C(F)(F)F)=CN4C(C)C)C=C3)\C2=N\1,I-6,BB-29,B,data/bronze/artifacts/2020_raw.xlsx,Example 1 ~ Example 217,94
Example 91,CCOC1=NC=NC(OCC)=C1C1=N/C=C2/C=NN(CC3=CC=C(C4=NC(C(F)(F)F)=CN4CC)C=C3)/C2=N\1,I-5,BB-27,C,data/bronze/artifacts/2020_raw.xlsx,Example 1 ~ Example 217,95
Example 92,COC1=C(C2=N/C=C3\C=NN([C@@H](C)C4=CC=C(C5=NC(CF)=CN5C)C=C4)\C3=N\2)C(C2CC2)=NC=N1,I-24,BB-4,B,data/bronze/artifacts/2020_raw.xlsx,Example 1 ~ Example 217,96
Example 93,COC1=C(C2=N/C=C3/C=NN([C@H](C)C4=CC=C(C5=NC(C(F)(F)F)=CN5C)C=C4)/C3=N\2)C(C2CC2)=NC=N1,I-24,BB-4,B,data/bronze/artifacts/2020_raw.xlsx,Example 1 ~ Example 217,97
Example 94,CCN1C=C(C(F)(F)F)N=C1C1=CC=C([C@H](C)N2N=CC3=C\N=C(C4=C(OC)N=CN=C4C4CC4)/N=C\32)C=C1,I-25,BB-4,B,data/bronze/artifacts/2020_raw.xlsx,Example 1 ~ Example 217,98
Example 95,CCN1C=C(CF)N=C1C1=CC=C([C@@H](C)N2/N=C\C3=CN=C(C4=C(OC)N=CN=C4C4CC4)N=C32)C=C1,I-25,BB-4,B,data/bronze/artifacts/2020_raw.xlsx,Example 1 ~ Example 217,99
Example 96,CCN1C=C(C(F)(F)F)N=C1C1=CC=C([C@H](C)N2N=CC3=C\N=C(C4=C(OC)N=CN=C4C4CC4)/N=C\32)C=C1F,I-27,BB-4,C,data/bronze/artifacts/2020_raw.xlsx,Example 1 ~ Example 217,100
Example 97,COC1=C(C2=N/C=C3\C=NN([C@@H](C)C4=CC=C(C5=NC(CF)=CN5C(C)C)C=C4)\C3=N\2)C(C2CC2)=NC=N1,I-29,BB-4,C,data/bronze/artifacts/2020_raw.xlsx,Example 1 ~ Example 217,101
Example 98,COC1=C(C2=N/C=C3\C=NN([C@H](C)C4=CC=C(C5=NC(CF)=CN5C(C)C)C=C4)\C3=N\2)C(C2CC2)=NC=N1,I-30,BB-4,C,data/bronze/artifacts/2020_raw.xlsx,Example 1 ~ Example 217,102
Example 99,CCN1C=C(CF)N=C1C1=CC=C([C@H](C)N2N=CC3=C\N=C(C4=C(OC)N=CN=C4C4CCC4)/N=C\32)C=C1,I-25,BB-20,C,data/bronze/artifacts/2020_raw.xlsx,Example 1 ~ Example 217,103
Example 100,CCN1C=C(CF)N=C1C1=CC=C([C@@H](C)N2/N=C\C3=CN=C(C4=C(OC)N=CN=C4C4CCC4)N=C32)C=C1,I-25,BB-20,C,data/bronze/artifacts/2020_raw.xlsx,Example 1 ~ Example 217,104
Example 101,CCN1C=C(CF)N=C1C1=CC=C(CN2/N=C\C3=CN=C(C4=C(OC)N=CN=C4C4CN(C)C4)N=C32)C=C1,I-5,BB-36,B,data/bronze/artifacts/2020_raw.xlsx,Example 1 ~ Example 217,105
Example 102,CN1C=C(CF)N=C1C1=CC=C(CN2/N=C\C3=CN=C(C4=C(OCC5=CC=CC=C5)N=CN=C4C4CC4)N=C32)C=C1,I-1,BB-17,C,data/bronze/artifacts/2020_raw.xlsx,Example 1 ~ Example 217,106
Example 103,CCN1C=C(C(F)(F)F)N=C1C1=CC=C(CN2N=CC3=C/N=C(C4=C(OCC5=CC=CC=C5)N=CN=C4C4CC4)\N=C\32)C=C1,I-5,BB-17,B,data/bronze/artifacts/2020_raw.xlsx,Example 1 ~ Example 217,107
Example 104,COC1=C(C2=N/C=C3\C=NN(CC4=CC=C(C5=NC(C(F)(F)F)=CN5C)C=C4)\C3=N\2)C(C2(C)CC2)=NC=N1,I-1,BB-18,B,data/bronze/artifacts/2020_raw.xlsx,Example 1 ~ Example 217,108
Example 105,COC1=C(C2=N/C=C3\C=NN(CC4=CC=C(N5N=C(C(F)(F)F)C=C5C)C=C4)\C3=N\2)C(C2(C)CC2)=NC=N1,I-19,BB-18,B,data/bronze/artifacts/2020_raw.xlsx,Example 1 ~ Example 217,109
Example 106,COC1=CC(C(F)(F)F)=NN1C1=CC=C(CN2N=CC3=C\N=C(C4=C(OC)N=CN=C4C4(C)CC4)/N=C\32)C=C1,I-39,BB-18,B,data/bronze/artifacts/2020_raw.xlsx,Example 1 ~ Example 217,110
Example 107,COC1=C(C2=NC=C3/C=N\N(CC4=CC=C(C5=NC(C(F)(F)F)=CN5C(C)C)C=C4)C3=N2)C(C2(C)CC2)=NC=N1,I-6,BB-18,B,data/bronze/artifacts/2020_raw.xlsx,Example 1 ~ Example 217,111
Example 108,COC1=C(C2=N/C=C3\C=NN(CC4=CC=C(C5=NC(C(F)(F)F)=CN5C(C)C)C=C4)\C3=N\2)C(C2CC2(C)C)=NC=N1,I-6,BB-19,B,data/bronze/artifacts/2020_raw.xlsx,Example 1 ~ Example 217,112
Example 109,COC1=C(C2=N/C=C3\C=NN(CC4=CC=C(C5=NC(C(F)(F)F)=CN5C)C=C4)\C3=N\2)C(C(C)(C)C)=NC=N1,I-1,BB-21,B,data/bronze/artifacts/2020_raw.xlsx,Example 1 ~ Example 217,113
Example 110,COC1=C(C2=N/C=C3\C=NN(CC4=CC=C(C5=NC(C(F)(F)F)=CN5C)C=C4)\C3=N\2)C(C(C)(C)F)=NC=N1,I-1,BB-23,B,data/bronze/artifacts/2020_raw.xlsx,Example 1 ~ Example 217,114
Example 111,COC1=NC(OC)=C(C2=NC=C3/C=N\N(CC4=CC=C(C5=NC(CF)=CN5C)C=C4)C3=N2)C(C)=N1,I-1,BB-24,B,data/bronze/artifacts/2020_raw.xlsx,Example 1 ~ Example 217,115
Example 112,COC1=C(C2=N\C=C3\C=NN(CC4=CC=C(N5N=C(CF)C=C5C)C=C4)\C3=N\2)C(C2CC2)=NC(N)=N1,I-19,BB-37,A,data/bronze/artifacts/2020_raw.xlsx,Example 1 ~ Example 217,116
Example 113,CCOC1=NC=NC(OC)=C1C1=N\C=C2\C=NN(CC3=CC=C(C4=NC(C(F)(F)F)=CN4CC)C=C3)\C2=N\1,I-5,BB-29,B,data/bronze/artifacts/2020_raw.xlsx,Example 1 ~ Example 217,117
Example 114,CCN1C=C(C(F)(F)F)N=C1C1=CC=C(CN2/N=C\C3=CN=C(C4=C(OC)N=CN=C4OC4CC4)N=C32)C=C1,I-5,BB-30,B,data/bronze/artifacts/2020_raw.xlsx,Example 1 ~ Example 217,118
Example 115,COC1=C(C2=NC=C3/C=N\N(CC4=CC=C(N5N=C(C(F)(F)F)C=C5C)C=C4)C3=N2)C(C(C)C)=NC=N1,I-19,BB-22,B,data/bronze/artifacts/2020_raw.xlsx,Example 1 ~ Example 217,119
Example 116,CCN1C=C(C(F)(F)F)N=C1C1=CC=C(C(C)N2N=CC3=C\N=C(C4=C(OC)N=CN=C4C(C)C)/N=C\32)C=C1F,I-26,BB-22,C,data/bronze/artifacts/2020_raw.xlsx,Example 1 ~ Example 217,120
Example 117,CCN1C=C(C(F)(F)F)N=C1C1=CC=C([C@H](C)N2N=CC3=C\N=C(C4=C(OC)N=CN=C4C(C)C)/N=C\32)C=C1,I-28,BB-22,B,data/bronze/artifacts/2020_raw.xlsx,Example 1 ~ Example 217,121
Example 118,CCN1C=C(C(F)(F)F)N=C1C1=CC=C([C@H](C)N2N=CC3=C\N=C(C4=C(OC)N=CN=C4C(C)C)/N=C\32)C=C1F,I-27,BB-22,B,data/bronze/artifacts/2020_raw.xlsx,Example 1 ~ Example 217,122
Example 119,COC1=C(C2=NC=C3/C=N\N(CC4=CC=C(C5=NC(C(F)(F)F)=CN5C(C)C)C=C4)C3=N2)C(C(C)C)=NC=N1,I-6,BB-22,B,data/bronze/artifacts/2020_raw.xlsx,Example 1 ~ Example 217,123
Example 120,CNC1=CC(C(F)(F)F)=NN1C1=CC=C(CN2N=CC3=C\N=C(C4=C(OC)N=CN=C4C4CC4)/N=C\32)C=C1,I-46,BB-4,C,data/bronze/artifacts/2020_raw.xlsx,Example 1 ~ Example 217,124
Example 121,COC1=C(C2=N/C=C3\C=NN(CC4=CC=C(N5N=C(C(F)(F)F)C=C5N(C)C)C=C4)\C3=N\2)C(C2CC2)=NC=N1,I-48,BB-4,A,data/bronze/artifacts/2020_raw.xlsx,Example 1 ~ Example 217,125
Example 122,COC1=C(C2=N/C=C3\C=NN(CC4=CC=C(N5N=C(C(F)(F)F)C=C5N(C)C)C(F)=C4)\C3=N\2)C(C2CC2)=NC=N1,I-47,BB-4,C,data/bronze/artifacts/2020_raw.xlsx,Example 1 ~ Example 217,126
Example 123,COC1=C(C2=N/C=C3\C=NN(CC4=CC=C(N5N=C(C(F)F)C=C5N(C)C)C=C4)\C3=N\2)C(C2CC2)=NC=N1,I-49,BB-4,B,data/bronze/artifacts/2020_raw.xlsx,Example 1 ~ Example 217,127
Example 124,nan,nan,nan,nan,data/bronze/artifacts/2020_raw.xlsx,Example 1 ~ Example 217,128
Example 125,COC1=C(C2=N/C=C3\C=NN(CC4=CC=C(C5=C(C)SC(CF)=N5)C=C4)\C3=N\2)C(C2CC2)=NC=N1,I-60,BB-4,B,data/bronze/artifacts/2020_raw.xlsx,Example 1 ~ Example 217,129
Example 126,COC1=C(C2=NC=C3/C=N\N(CC4=CC=C(C5=CSC(CF)=N5)C=C4)C3=N2)C(C2CC2)=NC=N1,I-61,BB-4,B,data/bronze/artifacts/2020_raw.xlsx,Example 1 ~ Example 217,130
Example 127,COC1=C(C2=NC=C3/C=N\N(CC4=CC=C(C5=C(C)OC(CF)=N5)C=C4)C3=N2)C(C2CC2)=NC=N1,I-62,BB-4,B,data/bronze/artifacts/2020_raw.xlsx,Example 1 ~ Example 217,131
Example 128,CCN1C=C(CF)N=C1C1=CC=C(CN2N=CC3=C\N=C(C4=C(OC)N=CN=C4C4CC4)/N=C\32)C=C1OC,I-12,BB-4,B,data/bronze/artifacts/2020_raw.xlsx,Example 1 ~ Example 217,132
Example 129,COC1=CC(CN2N=CC3=C\N=C(C4=C(OC)N=CN=C4C4CC4)/N=C\32)=CC=C1C1=NC(CF)=CN1CCF,I-13,BB-4,B,data/bronze/artifacts/2020_raw.xlsx,Example 1 ~ Example 217,133
Example 130,CCC(C)N1C=C(CF)N=C1C1=CC=C(CN2/N=C\C3=CN=C(C4=C(OC)N=CN=C4C4CC4)N=C32)C=C1OC,I-14,BB-4,C,data/bronze/artifacts/2020_raw.xlsx,Example 1 ~ Example 217,134
Example 131,COC1=C(C2=N/C=C3\C=NN(CC4=CC=C(/C5=N/C6=C(C=CC=C6F)N5C)C=C4)\C3=N\2)C(C2CC2)=NC=N1,I-63,BB-4,C,data/bronze/artifacts/2020_raw.xlsx,Example 1 ~ Example 217,135
Example 132,COC1=C(C2=NC=C3/C=N\N(CC4=CC=C(C5=NC=CC(C(F)(F)F)=N5)C=C4)C3=N2)C(C2CC2)=NC=N1,I-64,BB-4,B,data/bronze/artifacts/2020_raw.xlsx,Example 1 ~ Example 217,136
Example 133,COC1=C(C2=N/C=C3\C=NN(CC4=CC=C(C5=NC(C(F)(F)F)=CN5C)C=C4)\C3=N\2)C(C2CC2)=NC(C)=N1,nan,nan,B,data/bronze/artifacts/2020_raw.xlsx,Example 1 ~ Example 217,137
Example 134,COC1=C(C2=NC=C3/C=N\N(CC4=CC=C(C5=NC(C(F)(F)F)=CN5)C=C4)C3=N2)C(C2CC2)=NC=N1,nan,nan,C,data/bronze/artifacts/2020_raw.xlsx,Example 1 ~ Example 217,138
Example 135,CCN1C=C(C(F)(F)F)N=C1C1=CC=C(CN2N=CC3=C\N=C(C4=C(OC)N=CN=C4C4CNC4)/N=C\32)C=C1,nan,nan,B,data/bronze/artifacts/2020_raw.xlsx,Example 1 ~ Example 217,139
Example 136,COC1=C(C2=N\C=C3\C=NN(CC4=CC=C(/C5=N/C(C(F)(F)F)=C6/CNCCN56)C=C4)\C3=N\2)C(C2CC2)=NC=N1,nan,nan,B,data/bronze/artifacts/2020_raw.xlsx,Example 1 ~ Example 217,140
Example 137,COC1=C(C2=N/C=C3\C=NN(CC4=CC=C(C5=NC(C(F)(F)F)=CN5CCF)C=C4)\C3=N\2)C(C2CC2)=NC=N1,nan,nan,A,data/bronze/artifacts/2020_raw.xlsx,Example 1 ~ Example 217,141
Example 138,COC1=C(C2=N/C=C3/C=NN(CC4=CC=C(C5=NC(C(F)(F)F)=CN5CC(F)F)C=C4)/C3=N\2)C(C2CC2)=NC=N1,nan,nan,B,data/bronze/artifacts/2020_raw.xlsx,Example 1 ~ Example 217,142
Example 139,[2H]C([2H])([2H])C([2H])([2H])N1C=C(C(F)(F)F)N=C1C1=CC=C(CN2N=CC3=C\N=C(C4=C(OC)N=CN=C4C4CC4)/N=C\32)C=C1,nan,nan,B,data/bronze/artifacts/2020_raw.xlsx,Example 1 ~ Example 217,143
Example 140,[2H]C([2H])([2H])C([2H])(N1C=C(C(F)(F)F)N=C1C1=CC=C(CN2N=CC3=C\N=C(C4=C(OC)N=CN=C4C4CC4)/N=C\32)C=C1)C([2H])([2H])[2H],nan,nan,B,data/bronze/artifacts/2020_raw.xlsx,Example 1 ~ Example 217,144
Example 141,COC1=C(C2=N/C=C3\C=NN(C(C)C4=CC=C(C5=NC(C(F)(F)F)=CN5CCF)C=C4)\C3=N\2)C(C2CC2)=NC=N1,nan,nan,A,data/bronze/artifacts/2020_raw.xlsx,Example 1 ~ Example 217,145
Example 142,COC1=C(C2=N/C=C3\C=NN(CC4=CC=C(C5=NC(C(F)(F)F)=CN5CC(C)F)C=C4)\C3=N\2)C(C2CC2)=NC=N1,nan,nan,B,data/bronze/artifacts/2020_raw.xlsx,Example 1 ~ Example 217,146
Example 143,COC1=C(C2=NC=C3/C=N\N(CC4=CC=C(C5=NC(C(F)(F)F)=CN5C(C)C)C=C4)C3=N2)C(C2CC2)=NC=N1,nan,nan,A,data/bronze/artifacts/2020_raw.xlsx,Example 1 ~ Example 217,147
Example 144,COC1=C(C2=N/C=C3\C=NN(CC4=CC=C(C5=NC(C(F)(F)F)=CN5C5CCC5)C=C4)\C3=N\2)C(C2CC2)=NC=N1,nan,nan,B,data/bronze/artifacts/2020_raw.xlsx,Example 1 ~ Example 217,148
Example 145,COC1=C(C2=N/C=C3\C=NN(CC4=CC=C(C5=NC(C(F)(F)F)=CN5C5COC5)C=C4)\C3=N\2)C(C2CC2)=NC=N1,nan,nan,B,data/bronze/artifacts/2020_raw.xlsx,Example 1 ~ Example 217,149
Example 146,COC1=C(C2=NC=C3/C=N\N(CC4=CC=C(C5=NC(C(F)(F)F)=CN5C5CCOC5)C=C4)C3=N2)C(C2CC2)=NC=N1,nan,nan,B,data/bronze/artifacts/2020_raw.xlsx,Example 1 ~ Example 217,150
Example 147,COC1=C(C2=N/C=C3/C=NN(CC4=CC=C(C5=NC(C(F)(F)F)=CN5CC(=O)N(C)C)C=C4)/C3=N\2)C(C2CC2)=NC=N1,nan,nan,B,data/bronze/artifacts/2020_raw.xlsx,Example 1 ~ Example 217,151
Example 148,CCN1C=C(C#N)N=C1C1=CC=C(CN2N=CC3=C\N=C(C4=C(OC)N=CN=C4C4CC4)/N=C\32)C=C1,nan,nan,A,data/bronze/artifacts/2020_raw.xlsx,Example 1 ~ Example 217,152
Example 149,COC1=C(C2=NC=C3/C=N\N(CC4=CC=C(C5=NC(C(F)(F)F)=CN5C(C)CO)C=C4)C3=N2)C(C2CC2)=NC=N1,nan,nan,C,data/bronze/artifacts/2020_raw.xlsx,Example 1 ~ Example 217,153
Example 150,COCC(C)N1C=C(C(F)(F)F)N=C1C1=CC=C(CN2N=CC3=C/N=C(C4=C(OC)N=CN=C4C4CC4)\N=C\32)C=C1,nan,nan,C,data/bronze/artifacts/2020_raw.xlsx,Example 1 ~ Example 217,154
Example 151,COC1=C(C2=NC=C3/C=N\N(CC4=CC=C(C5=NC(C(F)(F)F)=CN5C(C)CF)C=C4)C3=N2)C(C2CC2)=NC=N1,nan,nan,B,data/bronze/artifacts/2020_raw.xlsx,Example 1 ~ Example 217,155
Example 152,CC(C)C1=C(C2=N/C3=C(C=NN3CC3=CC=C(C4=NC(C(F)(F)F)=CN4C4CN(C)C4)C=C3)/C=N\2)C=CC=C1,nan,nan,A,data/bronze/artifacts/2020_raw.xlsx,Example 1 ~ Example 217,156
Example 153,COC1=C(C2=N/C=C3\C=NN(CC4=CC=C(C5=NC(C(F)(F)F)=CN5C5CN(C)C5)C=C4)\C3=N\2)C(C2CC2)=NC=N1,nan,nan,A,data/bronze/artifacts/2020_raw.xlsx,Example 1 ~ Example 217,157
Example 154,COC1=C(C2=NC=C3C=NN(CC4=CC=C(C5=NC(C(F)(F)F)=CN5C5CC5)C=C4)C3=N2)C(C2CC2)=NC=N1,nan,nan,B,data/bronze/artifacts/2020_raw.xlsx,Example 1 ~ Example 217,158
Example 155,CN(C)C1=C(C2=NC=C3/C=N\N(CC4=CC=C(C5=NC(C(F)(F)F)=CN5C)C=C4)C3=N2)C(C2CC2)=NC=N1,nan,nan,B,data/bronze/artifacts/2020_raw.xlsx,Example 1 ~ Example 217,159
Example 156,CN1C=C(C(F)(F)F)N=C1C1=CC=C(CN2N=CC3=C\N=C(C4=C(N5CCC5)N=CN=C4C4CC4)/N=C\32)C=C1,nan,nan,B,data/bronze/artifacts/2020_raw.xlsx,Example 1 ~ Example 217,160
Example 157,CN1C=C(C(F)(F)F)N=C1C1=CC=C(CN2N=CC3=C\N=C(C4=C(N5CCCC5)N=CN=C4C4CC4)/N=C\32)C=C1,nan,nan,B,data/bronze/artifacts/2020_raw.xlsx,Example 1 ~ Example 217,161
Example 158,CNC1=C(C2=NC=C3C=NN(CC4=CC=C(C5=NC(C(F)(F)F)=CN5C)C=C4)C3=N2)C(C2CC2)=NC=N1,nan,nan,B,data/bronze/artifacts/2020_raw.xlsx,Example 1 ~ Example 217,162
Example 159,CC1=CC(C(F)(F)F)=NN1C1=CC=C(CN2/N=C\C3=CN=C(C4=C(N(C)C)N=CN=C4C4CC4)N=C32)C=C1,nan,nan,A,data/bronze/artifacts/2020_raw.xlsx,Example 1 ~ Example 217,163
Example 160,CN1C=C(C(F)(F)F)N=C1C1=CC=C(CN2N=CC3=C\N=C(C4=C(C#N)N=CN=C4C4CC4)/N=C\32)C=C1,nan,nan,C,data/bronze/artifacts/2020_raw.xlsx,Example 1 ~ Example 217,164
Example 161,COC1=C(C2=NC(N(C)C)=C3/C=N\N(CC4=CC=C(C5=NC(C(F)(F)F)=CN5C(C)C)C=C4)C3=N2)C(C2CC2)=NC=N1,nan,nan,B,data/bronze/artifacts/2020_raw.xlsx,Example 1 ~ Example 217,165
Example 162,COC1=C(C2=N/C=C3\C=NN(CC4=CC=C(C5=NC(C(F)(F)F)=C(Br)N5C(C)C)C=C4)\C3=N\2)C(C2CC2)=NC=N1,nan,nan,B,data/bronze/artifacts/2020_raw.xlsx,Example 1 ~ Example 217,166
Example 163,COC1=C(C2=N\C=C3\C=NN(CC4=CC=C(C5=NC(C(F)(F)F)=C(Br)N5C)C=C4)\C3=N\2)C(C2CC2)=NC=N1,nan,nan,C,data/bronze/artifacts/2020_raw.xlsx,Example 1 ~ Example 217,167
Example 164,CCN1C(C2=CC=C(CN3N=CC4=C/N=C(C5=C(OC)N=CN=C5C5CC5)/N=C\43)C=C2)=NC(C(F)(F)F)=C1OC,nan,nan,B,data/bronze/artifacts/2020_raw.xlsx,Example 1 ~ Example 217,168
Example 165,COC1=C(C2=N/C=C3/C=NN(CC4=CC=C(C5=NC(C(F)(F)F)=C(OC)N5C)C=C4)/C3=N\2)C(C2CC2)=NC=N1,nan,nan,C,data/bronze/artifacts/2020_raw.xlsx,Example 1 ~ Example 217,169
Example 166,COC1=C(C2=N/C=C3\C=NN(CC4=CC=C(C5=NC(C(F)(F)F)=C(OC)N5C(C)C)C=C4)\C3=N\2)C(C2CC2)=NC=N1,nan,nan,B,data/bronze/artifacts/2020_raw.xlsx,Example 1 ~ Example 217,170
Example 167,CCN1C(C2=CC=C(CN3/N=C\C4=CN=C(C5=C(OC)N=CN=C5C5CC5)N=C43)C=C2)=NC(C(F)(F)F)=C1C,nan,nan,B,data/bronze/artifacts/2020_raw.xlsx,Example 1 ~ Example 217,171
Example 168,COC1=CC([C@H](C)N2N=CC3=C/N=C(C4=C(OC)N=CN=C4C4CC4)/N=C\32)=CC=C1C1=NC(C(F)(F)F)=CN1CCF,nan,nan,"B, D",data/bronze/artifacts/2020_raw.xlsx,Example 1 ~ Example 217,172
Example 169,COC1=C(C2=N/C=C3\C=NN([C@@H](C)C4=CC=C(C5=NC(C(F)(F)F)=CN5CCF)C=C4)\C3=N\2)C(C2CC2)=NC=N1,nan,nan,B,data/bronze/artifacts/2020_raw.xlsx,Example 1 ~ Example 217,173
Example 170,CCN1C=C(C(F)(F)F)N=C1C1=CC=C(CN2/N=C(/Br)C3=CN=C(C4=C(OC)N=CN=C4C4CC4)N=C32)C=C1,nan,nan,B,data/bronze/artifacts/2020_raw.xlsx,Example 1 ~ Example 217,174
Example 171,COC1=C(C2=N\C=C3\C(Br)=NN([C@@H](C)C4=CC=C(C5=NC(C(F)(F)F)=CN5C)C=C4)\C3=N\2)C(C2CC2)=NC=N1,nan,nan,C,data/bronze/artifacts/2020_raw.xlsx,Example 1 ~ Example 217,175
Example 172,CCN1C=C(C(F)(F)F)N=C1C1=CC=C(CN2N=C(C#N)C3=C/N=C(C4=C(OC)N=CN=C4C4CC4)\N=C\32)C=C1,nan,nan,C,data/bronze/artifacts/2020_raw.xlsx,Example 1 ~ Example 217,176
Example 173,COC1=C(C2=N/C=C3\C=NN([C@H]4CCC5=C4C=CC(C4=NC(C(F)(F)F)=CN4C(C)C)=C5)\C3=N\2)C(C2CC2)=NC=N1,nan,nan,B,data/bronze/artifacts/2020_raw.xlsx,Example 1 ~ Example 217,177
Example 174,COC1=C(C2=N/C=C3/C=NN([C@@H]4CCC5=C4C=CC(C4=NC(C(F)(F)F)=CN4C(C)C)=C5)/C3=N\2)C(C2CC2)=NC=N1,nan,nan,B,data/bronze/artifacts/2020_raw.xlsx,Example 1 ~ Example 217,178
Example 175,CCN1C=C(C(F)(F)F)N=C1C1=CC=C(CN2/N=C(/OC)C3=CN=C(C4=C(OC)N=CN=C4C4CC4)N=C32)C=C1F,nan,nan,C,data/bronze/artifacts/2020_raw.xlsx,Example 1 ~ Example 217,179
Example 176,CCN1C=C(C(F)(F)F)N=C1C1=CC=C(CN2N=C(OC)C3=C/N=C(C4=C(OC)N=CN=C4C4CC4)\N=C\32)C=C1,nan,nan,C,data/bronze/artifacts/2020_raw.xlsx,Example 1 ~ Example 217,180
Example 177,COC1=NN(C(C)C2=CC=C(C3=NC(C(F)(F)F)=CN3CCF)C=C2)/C2=N/C(C3=C(OC)N=CN=C3C3CC3)=N\C=C\12,nan,nan,C,data/bronze/artifacts/2020_raw.xlsx,Example 1 ~ Example 217,181
Example 178,COC1=NN([C@@H](C)C2=CC=C(C3=NC(C(F)(F)F)=CN3CCF)C=C2)/C2=N/C(C3=C(OC)N=CN=C3C3CC3)=N\C=C\12,nan,nan,B,data/bronze/artifacts/2020_raw.xlsx,Example 1 ~ Example 217,182
Example 179,COC1=NN([C@@H](C)C2=CC=C(C3=NC(C(F)(F)F)=CN3C)C=C2)/C2=N\C(C3=C(OC)N=CN=C3C3CC3)=N/C=C\12,nan,nan,C,data/bronze/artifacts/2020_raw.xlsx,Example 1 ~ Example 217,183
Example 180,CCN1C=C(C(F)(F)F)N=C1C1=CC=C([C@H](C)N2N=C(OC)C3=C/N=C(C4=C(OC)N=CN=C4C4CC4)/N=C\32)C=C1,nan,nan,C,data/bronze/artifacts/2020_raw.xlsx,Example 1 ~ Example 217,184
Example 181,COC1=NN([C@@H](C)C2=CC=C(C3=NC(C(F)(F)F)=CN3C(C)C)C=C2)/C2=N/C(C3=C(OC)N=CN=C3C3CC3)=N/C=C\12,nan,nan,B,data/bronze/artifacts/2020_raw.xlsx,Example 1 ~ Example 217,185
Example 182,CCOC1=NN(CC2=CC=C(C3=NC(C(F)(F)F)=CN3CC)C=C2)/C2=N\C(C3=C(OC)N=CN=C3C3CC3)=N/C=C\12,nan,nan,B,data/bronze/artifacts/2020_raw.xlsx,Example 1 ~ Example 217,186
Example 183,CCOC1=NN(CC2=CC=C(C3=NC(C(F)(F)F)=CN3CC)C=C2)/C2=N/C(C3=C(OCC)N=CN=C3C3CC3)=N\C=C\12,nan,nan,B,data/bronze/artifacts/2020_raw.xlsx,Example 1 ~ Example 217,187
Example 184,CCN1C=C(C(F)(F)F)N=C1C1=CC=C(CN2/N=C(/OC3CCC3)C3=CN=C(C4=C(OC)N=CN=C4C4CC4)N=C32)C=C1,nan,nan,B,data/bronze/artifacts/2020_raw.xlsx,Example 1 ~ Example 217,188
Example 185,COC1=NN(CC2=CC=C(C3=CN(C(C)C)C(C(F)(F)F)=N3)C=C2)/C2=N/C(C3=C(OC)N=CN=C3C3CC3)=N/C=C\12,nan,nan,B,data/bronze/artifacts/2020_raw.xlsx,Example 1 ~ Example 217,189
Example 186,CCN1C=C(C(F)(F)F)N=C1C1=CC=C(CN2N=C(N3CCC3)C3=C\N=C(C4=C(OC)N=CN=C4C4CC4)/N=C\32)C=C1,nan,nan,B,data/bronze/artifacts/2020_raw.xlsx,Example 1 ~ Example 217,190
Example 187,CCN1C=C(C(F)(F)F)N=C1C1=CC=C(CN2N=C(C)C3=C/N=C(C4=C(OC)N=CN=C4C4CC4)\N=C\32)C=C1,nan,nan,"C, D",data/bronze/artifacts/2020_raw.xlsx,Example 1 ~ Example 217,191
Example 188,COC1=C(C2=NC=C3C(=N2)N([C@@H](C)C2=CC=C(C4=NC(C(F)(F)F)=C(Br)N4C)C=C2)/N=C\3OC)C(C2CC2)=NC=N1,nan,nan,B,data/bronze/artifacts/2020_raw.xlsx,Example 1 ~ Example 217,192
Example 189,CCN1C(C2=CC=C(CN3N=C(OC)C4=C/N=C(C5=C(OC)N=CN=C5C5CC5)\N=C\43)C=C2)=NC(C(F)(F)F)=C1Br,nan,nan,B,data/bronze/artifacts/2020_raw.xlsx,Example 1 ~ Example 217,193
Example 190,CCN1C=C(C(F)(F)F)N=C1C1=CC=C(CN2/N=C(/SC)C3=CN=C(C4=C(OC)N=CN=C4C4CC4)N=C32)C=C1,nan,nan,B,data/bronze/artifacts/2020_raw.xlsx,Example 1 ~ Example 217,194
Example 191,CCN1C=C(C(F)(F)F)N=C1C1=CC=C(CN2/N=C(/S(C)(=O)=O)C3=CN=C(C4=C(OC)N=CN=C4C4CC4)N=C32)C=C1,nan,nan,B,data/bronze/artifacts/2020_raw.xlsx,Example 1 ~ Example 217,195
Example 192,CCN1C=C(C(F)(F)F)N=C1C1=CC=C(CN2N=C(SCC3=CC=C(OC)C=C3)C3=C\N=C(C4=C(OC)N=CN=C4C4CC4)/N=C\32)C=C1,nan,nan,B,data/bronze/artifacts/2020_raw.xlsx,Example 1 ~ Example 217,196
Example 193,COC1=C(C2=N\C=C3\C=NN(CC4=CC=C(C5=NC(C(F)(F)F)=CN5CS(C)(=O)=O)C=C4)\C3=N\2)C(C2CC2)=NC=N1,nan,nan,B,data/bronze/artifacts/2020_raw.xlsx,Example 1 ~ Example 217,197
Example 194,CCN1C=C(CO)N=C1C1=CC=C(CN2/N=C\C3=CN=C(C4=C(OC)N=CN=C4C4CC4)N=C32)C=C1,nan,nan,B,data/bronze/artifacts/2020_raw.xlsx,Example 1 ~ Example 217,198
Example 195,COC1=C(C2=N/C=C3\C=NN(CC4=CC=C(C5=NC(CO)=CN5C(C)C)C=C4)\C3=N\2)C(C2CC2)=NC=N1,nan,nan,C,data/bronze/artifacts/2020_raw.xlsx,Example 1 ~ Example 217,199
Example 196,CCN1C=C(C(F)F)N=C1C1=CC=C(CN2/N=C\C3=CN=C(C4=C(OC)N=CN=C4C4CC4)N=C32)C=C1,nan,nan,B,data/bronze/artifacts/2020_raw.xlsx,Example 1 ~ Example 217,200
Example 197,COC1=C(C2=N/C=C3\C=NN(CC4=CC=C(C5=NC(C(F)F)=CN5C(C)C)C=C4)\C3=N\2)C(C2CC2)=NC=N1,nan,nan,C,data/bronze/artifacts/2020_raw.xlsx,Example 1 ~ Example 217,201
Example 198,COC1=C(C2=NC3=C(C=N2)/C=N\N3CC2=CC=C(N3N=C(C(F)(F)F)C=C3CO)C=C2)C(C2CC2)=NC=N1,nan,nan,"B, D",data/bronze/artifacts/2020_raw.xlsx,Example 1 ~ Example 217,202
Example 199,COC1=C(C2=N/C3=C(C=NN3CC3=CC=C(C4=NC(N)=CN4C(C)C)C=C3)/C=N\2)C(C2CC2)=NC=N1,nan,nan,B,data/bronze/artifacts/2020_raw.xlsx,Example 1 ~ Example 217,203
Example 200,COC1=C(C2=NC=C3/C=N\N(CC4=CC=C(N5N=C(C(F)(F)F)C=C5OC5CNC5)C=C4)C3=N2)C(C2CC2)=NC=N1,nan,nan,A,data/bronze/artifacts/2020_raw.xlsx,Example 1 ~ Example 217,204
Example 201,COC1=C(C2=NC=C3/C=C\N(CC4=CC=C(C5=NC(C(F)(F)F)=CN5C)C=C4)C3=N2)C(C2CC2)=NC=N1,nan,nan,B,data/bronze/artifacts/2020_raw.xlsx,Example 1 ~ Example 217,205
Example 202,CC(C)C1=C(C2=NC=C3/N=C\N(CC4=CC=C(C5=NC(C(F)(F)F)=CN5C)C=C4)C3=N2)C=CC=C1,nan,nan,A,data/bronze/artifacts/2020_raw.xlsx,Example 1 ~ Example 217,206
Example 203,COC1=C(C2=NC3=C(C=N2)/N=C\N3CC2=CC=C(C3=NC(C(F)(F)F)=CN3C)C=C2)C(C2CC2)=NC=N1,nan,nan,A,data/bronze/artifacts/2020_raw.xlsx,Example 1 ~ Example 217,207
Example 204,COC1=C(C2=NC3=C(C=N2)/N=C\N3CC2=CC=C(C3=NC(C(F)(F)F)=CN3C(C)C)C=C2)C(C2CC2)=NC=N1,nan,nan,C,data/bronze/artifacts/2020_raw.xlsx,Example 1 ~ Example 217,208
Example 205,CC/C1=N/C2=C(N=C(C3=C(OC)N=CN=C3C3CC3)N=C2)N1CC1=CC=C(C2=NC(C(F)(F)F)=CN2C(C)C)C=C1,nan,nan,A,data/bronze/artifacts/2020_raw.xlsx,Example 1 ~ Example 217,209
Example 206,COC1=C(C2=NC3=C(C=N2)/N=C(/C)N3CC2=CC=C(C3=NC(C(F)(F)F)=CN3C)C=C2)C(C2CC2)=NC=N1,nan,nan,A,data/bronze/artifacts/2020_raw.xlsx,Example 1 ~ Example 217,210
Example 207,COC/C1=N/C2=C(N=C(C3=C(OC)N=CN=C3C3CC3)N=C2)N1CC1=CC=C(C2=NC(C(F)(F)F)=CN2C(C)C)C=C1,nan,nan,A,data/bronze/artifacts/2020_raw.xlsx,Example 1 ~ Example 217,211
Example 208,COC1=C(C2=NC3=C(C=N2)/N=C(/C(C)C)N3CC2=CC=C(C3=NC(C(F)(F)F)=CN3C(C)C)C=C2)C(C2CC2)=NC=N1,nan,nan,A,data/bronze/artifacts/2020_raw.xlsx,Example 1 ~ Example 217,212
Example 209,CC/C1=N/C2=CN=C(C3=C(OC)N=CN=C3C3CC3)N=C2N1CC1=CC=C(N2N=C(C(F)(F)F)C=C2C)C=C1,nan,nan,A,data/bronze/artifacts/2020_raw.xlsx,Example 1 ~ Example 217,213
Example 210,COC1=C(C2=NC3=C(C=N2)/N=C\N3CC2=CC=C(N3N=C(C(F)(F)F)C=C3C)C=C2)C(C2CC2)=NC=N1,Re-Cropped and worked,nan,A,data/bronze/artifacts/2020_raw.xlsx,Example 1 ~ Example 217,214
Example 211,COC1=C(C2=NC3=C(C=N2)/N=C(/C)N3CC2=CC=C(N3N=C(C(F)(F)F)C=C3C)C=C2)C(C2CC2)=NC=N1,nan,nan,A,data/bronze/artifacts/2020_raw.xlsx,Example 1 ~ Example 217,215
Example 212,COC1=C(C2=N/C3=C(\C=N/2)N=C(C(C)C)N3CC2=CC=C(N3N=C(C(F)(F)F)C=C3C)C=C2)C(C2CC2)=NC=N1,nan,nan,A,data/bronze/artifacts/2020_raw.xlsx,Example 1 ~ Example 217,216
Example 213,COC1=C(C2=NC3=C(C=N2)/N=C(/C2CC2)N3CC2=CC=C(N3N=C(C(F)(F)F)C=C3C)C=C2)C(C2CC2)=NC=N1,nan,nan,A,data/bronze/artifacts/2020_raw.xlsx,Example 1 ~ Example 217,217
Example 214,COC1=C(C2=N/C3=C(\C=N/2)N=C(C2CCC2)N3CC2=CC=C(N3N=C(C(F)(F)F)C=C3C)C=C2)C(C2CC2)=NC=N1,nan,nan,A,data/bronze/artifacts/2020_raw.xlsx,Example 1 ~ Example 217,218
Example 215,COC1=C(C2=NC=C3/N=N\N(CC4=CC=C(C5=NC(C(F)(F)F)=CN5C)C=C4)C3=N2)C(C2CC2)=NC=N1,nan,nan,"B, D",data/bronze/artifacts/2020_raw.xlsx,Example 1 ~ Example 217,219
Example 216,COC1=C(C2=NC=C3C(=N2)N(CC2=CC=C(C4=NC(C(F)(F)F)=CN4C(C)C)C(F)=C2)/C=C\3Br)C(C2CC2)=NC=N1,nan,nan,A,data/bronze/artifacts/2020_raw.xlsx,Example 1 ~ Example 217,220
Example 217,COC1=C(C2=N/C=C3\CC(=O)N(CC4=CC=C(C5=NC(C(F)(F)F)=CN5C(C)C)C(F)=C4)\C3=N\2)C(C2CC2)=NC=N1,nan,nan,A,data/bronze/artifacts/2020_raw.xlsx,Example 1 ~ Example 217,221
