compound_id,smiles_raw,nan,iupac_name,for reference --> (before cleansed),tabular IUPAC (unformatted),flag_asterisk,flag_imaging_conflict,flag_smiles_o3_changed,provenance_file,provenance_sheet,provenance_row
1,CC(=O)/C1=C(\S(C)=O)NC2=C(Br)C=CC(Cl)=C2C1=O,nan,3-acetyl-8-bromo-5-chloro-2-(methylsulfinyl)quinol in-4(1H)-one,nan,3-acetyl-8-bromo-5-chloro-2-(methylsulfinyl)quinol in-4(1H)-one,False,False,False,../base/data/bronze/artifacts/2017_raw.xlsx,표3,3
2,CS/C1=C(\C(C)=O)C(=O)C2=C(Cl)C=CC(Br)=C2N1,nan,3-acetyl-8-bromo-5-chloro-2-(methylthio)quinolin-4(1H)-one,nan,3-acetyl-8-bromo-5-chloro-2-(methylthio)quinolin- 4(1H)-one,False,False,False,../base/data/bronze/artifacts/2017_raw.xlsx,표3,4
3,CC(=O)/C1=C(\SCC2=CC=CC=C2)NC2=C(Br)C=CC(Cl)=C2C1=O,nan,3-acetyl-2-(benzylthio)-8-bromo-5-chloroquinolin-4(1H)-one,nan,3-acetyl-2-(benzylthio)-8-bromo-5-chloroquinolin- 4(1H)-one,False,False,False,../base/data/bronze/artifacts/2017_raw.xlsx,표3,5
4,CC(=O)/C1=C(\S(=O)CC2=CC=CC=C2)NC2=C(Br)C=CC(Cl)=C2C1=O,nan,3-acetyl-2-(benzylsulfinyl)-8-bromo-5-chloroquinolin-4(1H)-one,nan,3-acetyl-2-(benzylsulfinyl)-8-bromo-5- chloroquinolin-4(1H)-one,False,False,False,../base/data/bronze/artifacts/2017_raw.xlsx,표3,6
5,CS/C1=C(\C(C)=O)C(=O)C2=C(Cl)C=CC(Br)=C2N1C,nan,3-acetyl-8-bromo-5-chloro-1-methyl-2-(methylthio)quinolin-4(1H)-one,nan,3-acetyl-8-bromo-5-chloro-1-methyl-2- (methylthio)quinolin-4(1H)-one,False,False,False,../base/data/bronze/artifacts/2017_raw.xlsx,표3,7
6,CC(=O)/C1=C(\S(C)=O)NC2=C(Cl)C=CC(Cl)=C2C1=O,nan,"3-acetyl-5,8-dichloro-2-(methylsulfinyl)quinolin-4(1H)-one",nan,"3-acetyl-5,8-dichloro-2-(methylsulfinyl)quinolin- 4(1H)-one",False,False,False,../base/data/bronze/artifacts/2017_raw.xlsx,표3,8
7,CS/C1=C(\C(C)=O)C(=O)C2=CC(F)=CC=C2N1C,nan,3-acetyl-6-fluoro-1-methyl-2-(methylthio)quinolin-4(1H)-one,nan,3-acetyl-6-fluoro-1-methyl-2-(methylthio)quinolin- 4(1H)-one,False,False,False,../base/data/bronze/artifacts/2017_raw.xlsx,표3,9
8,CS/C1=C(\C(C)=O)C(=O)C2=CC(F)=CC=C2N1,nan,1-(6-fluoro-4-hydroxy-2-(methylthio)quinolin-3-yl)ethan-1-one,nan,1-(6-fluoro-4-hydroxy-2-(methylthio)quinolin-3- yl)ethan-1-one,False,False,False,../base/data/bronze/artifacts/2017_raw.xlsx,표3,10
9,CC(=O)/C1=C(\S(C)=O)N(C(=O)C2=CC=C(Br)C=C2)C2=C(Br)C=CC(Cl)=C2C1=O,nan,3-acetyl-8-bromo-1-(4-bromobenzoyl)-5-chloro-2-(methylsulfinyl)quinolin-4(1H)-one,nan,3-acetyl-8-bromo-1-(4-bromobenzoyl)-5-chloro-2- (methylsulfinyl)quinolin-4(1H)-one,False,False,False,../base/data/bronze/artifacts/2017_raw.xlsx,표3,11
10,CC(=O)/C1=C(\SCC2=CC=C(Cl)C=C2)NC2=C(Br)C=CC(Cl)=C2C1=O,nan,3-acetyl-8-bromo-5-chloro-2-((4-chlorobenzyl)thio)quinolin-4(1H)-one,nan,nan,False,False,False,../base/data/bronze/artifacts/2017_raw.xlsx,표3,12
11,CC(=O)/C1=C(\S(=O)CC2=CC=C(Cl)C=C2)NC2=C(Br)C=CC(Cl)=C2C1=O,nan,3-acetyl-8-bromo-5-chloro-2-((4-chlorobenzyl)sulfinyl)quinolin-4(1H)-one,nan,3-acetyl-8-bromo-5-chloro-2-((4- chlorobenzyl)sulfinyl)quinolin-4(1H)-one,False,False,False,../base/data/bronze/artifacts/2017_raw.xlsx,표3,13
12,CC(=O)/C1=C(\SC2=CC=CC=C2)NC2=C(Br)C=CC(Cl)=C2C1=O,nan,3-acetyl-8-bromo-5-chloro-2-(phenylthio)quinolin-4(1H)-one,nan,3-acetyl-8-bromo-5-chloro-2-(phenylthio)quinolin- 4(1H)-one,False,False,False,../base/data/bronze/artifacts/2017_raw.xlsx,표3,14
13,CC(=O)/C1=C(\S(=O)C2=CC=CC=C2)NC2=C(Br)C=CC(Cl)=C2C1=O,nan,3-acetyl-8-bromo-5-chloro-2-(phenylsulfinyl)quinolin-4(1H)-one,nan,3-acetyl-8-bromo-5-chloro-2- (phenylsulfinyl)quinolin-4(1H)-one,False,False,False,../base/data/bronze/artifacts/2017_raw.xlsx,표3,15
14,COC1=CC=CC=C1S/C1=C(\C(C)=O)C(=O)C2=C(Cl)C=CC(Br)=C2N1,nan,3-acetyl-8-bromo-5-chloro-2-((2-methoxyphenyl)thio)quinolin-4(1H)-one,nan,3-acetyl-8-bromo-5-chloro-2-((2- methoxyphenyl)thio)quinolin-4(1H)-one,False,False,False,../base/data/bronze/artifacts/2017_raw.xlsx,표3,16
15,COC1=CC=CC=C1S(=O)/C1=C(\C(C)=O)C(=O)C2=C(Cl)C=CC(Br)=C2N1,nan,3-acetyl-8-bromo-5-chloro-2-((2-methoxyphenyl)sulfinyl)quinolin-4(1H)-one,nan,3-acetyl-8-bromo-5-chloro-2-((2- methoxyphenyl)sulfinyl)quinolin-4(1H)-one,False,False,False,../base/data/bronze/artifacts/2017_raw.xlsx,표3,17
16,CC(=O)/C1=C(\SC2=CC=C(Br)C=C2)NC2=C(Br)C=CC(Cl)=C2C1=O,nan,3-acetyl-8-bromo-2-((4-bromophenyl)thio)-5-chloroquinolin-4(1H)-one,nan,3-acetyl-8-bromo-2-((4-bromophenyl)thio)-5- chloroquinolin-4(1H)-one,False,False,False,../base/data/bronze/artifacts/2017_raw.xlsx,표3,18
17,CC(=O)/C1=C(\S(=O)C2=CC=C(Br)C=C2)NC2=C(Br)C=CC(Cl)=C2C1=O,nan,3-acetyl-8-bromo-2-((4-bromophenyl)sulfinyl)-5-chloroquinolin-4(1H)-one,nan,nan,False,False,False,../base/data/bronze/artifacts/2017_raw.xlsx,표3,19
18,CS/C1=C(\C(C)=O)C(=O)C2=C(Cl)C=CC(Br)=C2N1C(C)=O,nan,"1,1'-(8-bromo-5-chloro-2-(methylthio)-4-oxoquinoline-1,3(4H)-diyl)bis(ethan-1-one)",nan,"1,1'-(8-bromo-5-chloro-2-(methylthio)-4- oxoquinoline-1,3(4H)-diyl)bis(ethan-1-one)",False,False,False,../base/data/bronze/artifacts/2017_raw.xlsx,표3,20
19,CC(=O)/C1=C(\S(C)=O)N(C(C)=O)C2=C(Br)C=CC(Cl)=C2C1=O,nan,"1,1'-(8-bromo-5-chloro-2-(methylsulfinyl)-4-oxoquinoline-1,3(4H)-diyl)bis(ethan-1-one)",nan,"1,1'-(8-bromo-5-chloro-2-(methylsulfinyl)-4- oxoquinoline-1,3(4H)-diyl)bis(ethan-1-one)",False,False,False,../base/data/bronze/artifacts/2017_raw.xlsx,표3,21
20,CC(=O)/C1=C(\S(=O)CC2=CC=CC=C2)N(C(=O)C2=CC=C(Br)C=C2)C2=C(Br)C=CC(Cl)=C2C1=O,nan,3-acetyl-2-(benzylsulfinyl)-8-bromo-1-(4-bromobenzoyl)-5-chloroquinolin-4(1H)-one,nan,3-acetyl-2-(benzylsulfinyl)-8-bromo-1-(4- bromobenzoyl)-5-chloroquinolin-4(1H)-one,False,False,False,../base/data/bronze/artifacts/2017_raw.xlsx,표3,22
21,CC(=O)/C1=C(\S(C)(=O)=O)N(C(=O)C2=CC=C(Br)C=C2)C2=C(Br)C=CC(Cl)=C2C1=O,nan,3-acetyl-8-bromo-1-(4-bromobenzoyl)-5-chloro-2-(methylsulfonyl)quinolin-4(1H)-one,nan,3-acetyl-8-bromo-1-(4-bromobenzoyl)-5-chloro-2- (methylsulfonyl)quinolin-4(1H)-one,False,False,False,../base/data/bronze/artifacts/2017_raw.xlsx,표3,23
22,CC(=O)/C1=C(\S(C)=O)N(CC2=CC(Cl)=C(F)C=C2)C2=C(Br)C=CC(Cl)=C2C1=O,nan,3-acetyl-8-bromo-5-chloro-1-(3-chloro-4-fluorobenzyl)-2-(methylsulfinyl)quinolin-4(1H)-one,nan,3-acetyl-8-bromo-5-chloro-1-(3-chloro-4- fluorobenzyl)-2-(methylsulfinyl)quinolin-4(1H)-one,False,False,False,../base/data/bronze/artifacts/2017_raw.xlsx,표3,24
23,CC(=O)/C1=C(\SCC2=CC=CC=C2)N(C(=O)C2=CC=C(Br)C=C2)C2=C(Br)C=CC(Cl)=C2C1=O,nan,3-acetyl-2-(benzylthio)-8-bromo-1-(4-bromobenzoyl)-5-chloroquinolin-4(1H)-one,nan,3-acetyl-2-(benzylthio)-8-bromo-1-(4- bromobenzoyl)-5-chloroquinolin-4(1H)-one,False,False,False,../base/data/bronze/artifacts/2017_raw.xlsx,표3,25
24,CC(=O)/C1=C(\SC(C)C)NC2=C(Br)C=CC(Cl)=C2C1=O,nan,3-acetyl-8-bromo-5-chloro-2-(isopropylthio)quinolin-4(1H)-one,nan,3-acetyl-8-bromo-5-chloro-2- (isopropylthio)quinolin-4(1H)-one,False,False,False,../base/data/bronze/artifacts/2017_raw.xlsx,표3,26
25,CC(=O)/C1=C(\S(=O)C(C)C)NC2=C(Br)C=CC(Cl)=C2C1=O,nan,3-acetyl-8-bromo-5-chloro-2-(isopropylsulfinyl)quinolin-4(1H)-one,nan,nan,False,False,False,../base/data/bronze/artifacts/2017_raw.xlsx,표3,27
26,CC(=O)/C1=C(\S(=O)C(C)C2=CC=CC=C2)NC2=C(Br)C=CC(Cl)=C2C1=O,nan,3-acetyl-8-bromo-5-chloro-2-((1-phenylethyl)sulfinyl)quinolin-4(1H)-one,nan,3-acetyl-8-bromo-5-chloro-2-((1- phenylethyl)sulfinyl)quinolin-4(1H)-one,False,False,False,../base/data/bronze/artifacts/2017_raw.xlsx,표3,28
27,CC(=O)/C1=C(\SCC2=CC=CC(C#N)=C2)NC2=C(Br)C=CC(Cl)=C2C1=O,nan,"3-(((3-acetyl-8-bromo-5-chloro-4-oxo-1,4-dihydroquinolin-2-yl)thio)methyl)benzonitrile",nan,"3-(((3-acetyl-8-bromo-5-chloro-4-oxo-1,4- dihydroquinolin-2-yl)thio)methyl)benzonitrile",False,False,False,../base/data/bronze/artifacts/2017_raw.xlsx,표3,29
28,CC(=O)/C1=C(\S(=O)CC2=CC=CC(C#N)=C2)NC2=C(Br)C=CC(Cl)=C2C1=O,nan,"3-(((3-acetyl-8-bromo-5-chloro-4-oxo-1,4-dihydroquinolin-2-yl)sulfinyl)methyl)benzonitrile",nan,"3-(((3-acetyl-8-bromo-5-chloro-4-oxo-1,4- dihydroquinolin-2-yl)sulfinyl)methyl)benzonitrile",False,False,False,../base/data/bronze/artifacts/2017_raw.xlsx,표3,30
29,CC(=O)/C1=C(\S(=O)CC2=CC=C(F)C=C2F)NC2=C(Br)C=CC(Cl)=C2C1=O,nan,"3-acetyl-8-bromo-5-chloro-2-((2,4-difluorobenzyl)sulfinyl)quinolin-4(1H)-one",nan,"3-acetyl-8-bromo-5-chloro-2-((2,4- difluorobenzyl)sulfinyl)quinolin-4(1H)-one",False,False,False,../base/data/bronze/artifacts/2017_raw.xlsx,표3,31
30,CC(=O)/C1=C(\SCC2=CC=C(F)C(Cl)=C2)NC2=C(Br)C=CC(Cl)=C2C1=O,nan,3-acetyl-8-bromo-5-chloro-2-((3-chloro-4-fluorobenzyl)thio)quinolin-4(1H)-one,nan,3-acetyl-8-bromo-5-chloro-2-((3-chloro-4- fluorobenzyl)thio)quinolin-4(1H)-one,False,False,False,../base/data/bronze/artifacts/2017_raw.xlsx,표3,32
31,CC(=O)/C1=C(\S(=O)CC2=CC=C(F)C(Cl)=C2)NC2=C(Br)C=CC(Cl)=C2C1=O,nan,3-acetyl-8-bromo-5-chloro-2-((3-chloro-4-fluorobenzyl)sulfinyl)quinolin-4(1H)-one,nan,3-acetyl-8-bromo-5-chloro-2-((3-chloro-4- fluorobenzyl)sulfinyl)quinolin-4(1H)-one,False,False,False,../base/data/bronze/artifacts/2017_raw.xlsx,표3,33
32,CC(=O)/C1=C(\SCC2=CC=C(N(O)=O)C=C2)NC2=C(Br)C=CC(Cl)=C2C1=O,nan,3-acetyl-8-bromo-5-chloro-2-((4-nitrobenzyl)thio)quinolin-4(1H)-one,nan,3-acetyl-8-bromo-5-chloro-2-((4- nitrobenzyl)thio)quinolin-4(1H)-one,False,False,False,../base/data/bronze/artifacts/2017_raw.xlsx,표3,34
33,CC(=O)/C1=C(\S(=O)CC2=CC=C(N(O)=O)C=C2)NC2=C(Br)C=CC(Cl)=C2C1=O,nan,3-acetyl-8-bromo-5-chloro-2-((4-nitrobenzyl)sulfinyl)quinolin-4(1H)-one,nan,3-acetyl-8-bromo-5-chloro-2-((4- nitrobenzyl)sulfinyl)quinolin-4(1H)-one,False,False,False,../base/data/bronze/artifacts/2017_raw.xlsx,표3,35
34,CC(=O)/C1=C(\S(=O)(=O)CC2=CC=CC=C2)NC2=C(Br)C=CC(Cl)=C2C1=O,nan,3-acetyl-2-(benzylsulfonyl)-8-bromo-5-chloroquinolin-4(1H)-one,nan,nan,False,False,False,../base/data/bronze/artifacts/2017_raw.xlsx,표3,36
35,CS/C1=C(\C(C)=O)C(=O)C2=C(Cl)C=CC(Br)=C2N1S(C)(=O)=O,nan,3-acetyl-8-bromo-5-chloro-1-(methylsulfonyl)-2-(methylthio)quinolin-4(1H)-one,nan,3-acetyl-8-bromo-5-chloro-1-(methylsulfonyl)-2- (methylthio)quinolin-4(1H)-one,False,False,False,../base/data/bronze/artifacts/2017_raw.xlsx,표3,37
36,CC(=O)/C1=C(\S(C)=O)N(S(=O)(=O)C(F)(F)F)C2=C(Br)C=CC(Cl)=C2C1=O,nan,3-acetyl-8-bromo-5-chloro-2-(methylsulfinyl)-1-((trifluoromethyl)sulfonyl)quinolin-4(1H)-one,nan,3-acetyl-8-bromo-5-chloro-2-(methylsulfinyl)-1- ((trifluoromethyl)sulfonyl)quinolin-4(1H)-one,False,False,False,../base/data/bronze/artifacts/2017_raw.xlsx,표3,38
37,CS/C1=C(\C(C)=O)C(=O)C2=C(Cl)C=CC(Br)=C2N1S(=O)(=O)C1=CC=C(Cl)C=C1,nan,3-acetyl-8-bromo-5-chloro-1-((4-chlorophenyl)sulfonyl)-2-(methylthio)quinolin-4(1H)-one,nan,3-acetyl-8-bromo-5-chloro-1-((4- chlorophenyl)sulfonyl)-2-(methylthio)quinolin- 4(1H)-one,False,False,False,../base/data/bronze/artifacts/2017_raw.xlsx,표3,39
38,CS/C1=C(\C(C)=O)C(=O)C2=C(Cl)C=CC(Br)=C2N1S(=O)(=O)C1=CC=C(N(O)=O)C=C1,nan,3-acetyl-8-bromo-5-chloro-2-(methylthio)-1-((4-nitrophenyl)sulfonyl)quinolin-4(1H)-one,nan,3-acetyl-8-bromo-5-chloro-2-(methylthio)-1-((4- nitrophenyl)sulfonyl)quinolin-4(1H)-one,False,False,False,../base/data/bronze/artifacts/2017_raw.xlsx,표3,40
39,CCS(=O)(=O)N1C2=C(Br)C=CC(Cl)=C2C(=O)/C(C(C)=O)=C\1S(C)=O,nan,3-acetyl-8-bromo-5-chloro-1-(ethylsulfonyl)-2-(methylsulfinyl)quinolin-4(1H)-one,nan,3-acetyl-8-bromo-5-chloro-1-(ethylsulfonyl)-2- (methylsulfinyl)quinolin-4(1H)-one,False,False,False,../base/data/bronze/artifacts/2017_raw.xlsx,표3,41
40,CS/C1=C(\C(C)=O)C(=O)C2=C(Cl)C=CC(Br)=C2N1S(=O)(=O)C1=CC=C(C(C)(C)C)C=C1,nan,3-acetyl-8-bromo-1-((4-(tert-butyl)phenyl)sulfonyl)-5-chloro-2-(methylthio)quinolin-4(1H)-one,nan,nan,False,False,False,../base/data/bronze/artifacts/2017_raw.xlsx,표3,42
41,CC(=O)/C1=C(\S(C)(=O)=O)N(S(=O)(=O)C2=CC=C(C(C)(C)C)C=C2)C2=C(Br)C=CC(Cl)=C2C1=O,nan,3-acetyl-8-bromo-1-((4-(tert-butyl)phenyl)sulfonyl)-5-chloro-2-(methylsulfonyl)quinolin-4(1H)-one,nan,3-acetyl-8-bromo-1-((4-(tert- butyl)phenyl)sulfonyl)-5-chloro-2- (methylsulfonyl)quinolin-4(1H)-one,False,False,False,../base/data/bronze/artifacts/2017_raw.xlsx,표3,43
42,CC(=O)/C1=C(\S(C)=O)N(S(=O)(=O)C2=CC=C(C(C)(C)C)C=C2)C2=C(Br)C=CC(Cl)=C2C1=O,nan,3-acetyl-8-bromo-1-((4-(tert-butyl)phenyl)sulfonyl)-5-chloro-2-(methylsulfinyl)quinolin-4(1H)-one,nan,3-acetyl-8-bromo-1-((4-(tert- butyl)phenyl)sulfonyl)-5-chloro-2- (methylsulfinyl)quinolin-4(1H)-one,False,False,False,../base/data/bronze/artifacts/2017_raw.xlsx,표3,44
43,CC(=O)/C1=C(\SCC2=CC(Cl)=CC=C2Cl)NC2=C(Br)C=CC(Cl)=C2C1=O,nan,"3-acetyl-8-bromo-5-chloro-2-((2,5-dichlorobenzyl)thio)quinolin-4(1H)-one",nan,"3-acetyl-8-bromo-5-chloro-2-((2,5- dichlorobenzyl)thio)quinolin-4(1H)-one",False,False,False,../base/data/bronze/artifacts/2017_raw.xlsx,표3,45
44,CC(=O)/C1=C(\S(=O)CC2=CC(Cl)=CC=C2Cl)NC2=C(Br)C=CC(Cl)=C2C1=O,nan,"3-acetyl-8-bromo-5-chloro-2-((2,5-dichlorobenzyl)sulfinyl)quinolin-4(1H)-one",nan,"3-acetyl-8-bromo-5-chloro-2-((2,5- dichlorobenzyl)sulfinyl)quinolin-4(1H)-one",False,False,False,../base/data/bronze/artifacts/2017_raw.xlsx,표3,46
45,CC(=O)/C1=C(\SCC2=CC(F)=CC(F)=C2)NC2=C(Br)C=CC(Cl)=C2C1=O,nan,"3-acetyl-8-bromo-5-chloro-2-((3,5-difluorobenzyl)thio)quinolin-4(1H)-one",nan,"3-acetyl-8-bromo-5-chloro-2-((3,5- difluorobenzyl)thio)quinolin-4(1H)-one",False,False,False,../base/data/bronze/artifacts/2017_raw.xlsx,표3,47
46,CC(=O)/C1=C(\S(=O)CC2=CC(F)=CC(F)=C2)NC2=C(Br)C=CC(Cl)=C2C1=O,nan,"3-acetyl-8-bromo-5-chloro-2-((3,5-difluorobenzyl)sulfinyl)quinolin-4(1H)-one",nan,nan,False,False,False,../base/data/bronze/artifacts/2017_raw.xlsx,표3,48
47,CC(=O)/C1=C(\SCC2=CC=CC(I)=C2)NC2=C(Br)C=CC(Cl)=C2C1=O,nan,3-acetyl-8-bromo-5-chloro-2-((3-iodobenzyl)thio)quinolin-4(1H)-one,nan,3-acetyl-8-bromo-5-chloro-2-((3- iodobenzyl)thio)quinolin-4(1H)-one,False,False,False,../base/data/bronze/artifacts/2017_raw.xlsx,표3,49
48,CC(=O)/C1=C(\S(=O)CC2=CC=CC(I)=C2)NC2=C(Br)C=CC(Cl)=C2C1=O,nan,3-acetyl-8-bromo-5-chloro-2-((3-iodobenzyl)sulfinyl)quinolin-4(1H)-one,nan,3-acetyl-8-bromo-5-chloro-2-((3- iodobenzyl)sulfinyl)quinolin-4(1H)-one,False,False,False,../base/data/bronze/artifacts/2017_raw.xlsx,표3,50
49,CC(=O)/C1=C(\SCC2=CC=CC(F)=C2)NC2=C(Br)C=CC(Cl)=C2C1=O,nan,3-acetyl-8-bromo-5-chloro-2-((3-fluorobenzyl)thio)quinolin-4(1H)-one,nan,3-acetyl-8-bromo-5-chloro-2-((3- fluorobenzyl)thio)quinolin-4(1H)-one,False,False,False,../base/data/bronze/artifacts/2017_raw.xlsx,표3,51
50,CC(=O)/C1=C(\S(=O)CC2=CC=CC(F)=C2)NC2=C(Br)C=CC(Cl)=C2C1=O,nan,3-acetyl-8-bromo-5-chloro-2-((3-fluorobenzyl)sulfinyl)quinolin-4(1H)-one,nan,3-acetyl-8-bromo-5-chloro-2-((3- fluorobenzyl)sulfinyl)quinolin-4(1H)-one,False,False,False,../base/data/bronze/artifacts/2017_raw.xlsx,표3,52
51,CC(=O)/C1=C(\S(=O)CC2=NOC(C)=C2)NC2=C(Br)C=CC(Cl)=C2C1=O,nan,3-acetyl-8-bromo-5-chloro-2-(((5-methylisoxazol-3-yl)methyl)sulfinyl)quinolin-4(1H)-one,nan,3-acetyl-8-bromo-5-chloro-2-(((5-methylisoxazol-3- yl)methyl)sulfinyl)quinolin-4(1H)-one,False,False,False,../base/data/bronze/artifacts/2017_raw.xlsx,표3,53
52,CC(=O)C1=C(\O)C2=C(Cl)C=CC(Br)=C2/N=C\1SCC1=CC=CC=C1,nan,1-(2-(benzylthio)-8-bromo-5-chloro-4-hydroxyquinolin-3-yl)ethan-1-one,nan,1-(2-(benzylthio)-8-bromo-5-chloro-4- hydroxyquinolin-3-yl)ethan-1-one,False,False,False,../base/data/bronze/artifacts/2017_raw.xlsx,표3,54
53,CC(=O)C1=C(\O)C2=C(Cl)C=CC(Br)=C2/N=C\1S(=O)CC1=CC=CC=C1,nan,1-(2-(benzylsulfinyl)-8-bromo-5-chloro-4-hydroxyquinolin-3-yl)ethan-1-one,nan,1-(2-(benzylsulfinyl)-8-bromo-5-chloro-4- hydroxyquinolin-3-yl)ethan-1-one,False,False,False,../base/data/bronze/artifacts/2017_raw.xlsx,표3,55
54,CC(=O)C1=C(\O)C2=C(Cl)C=CC(Br)=C2/N=C\1S(=O)(=O)CC1=CC=CC=C1,nan,1-(2-(benzylsulfonyl)-8-bromo-5-chloro-4-hydroxyquinolin-3-yl)ethan-1-one,nan,1-(2-(benzylsulfonyl)-8-bromo-5-chloro-4- hydroxyquinolin-3-yl)ethan-1-one,False,False,False,../base/data/bronze/artifacts/2017_raw.xlsx,표3,56
55,COC1=CC(CS(=O)/C2=C(\C(C)=O)C(=O)C3=C(Cl)C=CC(Br)=C3N2)=CC=C1,nan,3-acetyl-8-bromo-5-chloro-2-((3-methoxybenzyl)sulfinyl)quinolin-4(1H)-one,nan,nan,False,False,False,../base/data/bronze/artifacts/2017_raw.xlsx,표3,57
56,CC(=O)/C1=C(\S(=O)CC2=CC=C(SC(F)(F)F)C=C2)NC2=C(Br)C=CC(Cl)=C2C1=O,nan,3-acetyl-8-bromo-5-chloro-2-((4-((trifluoromethyl)thio)benzyl)sulfinyl)quinolin-4(1H)-one,nan,3-acetyl-8-bromo-5-chloro-2-((4- ((trifluoromethyl)thio)benzyl)sulfinyl)quinolin- 4(1H)-one,False,False,False,../base/data/bronze/artifacts/2017_raw.xlsx,표3,58
57,CC(=O)/C1=C(\S(=O)CC2=CC=C(N(O)=O)C=C2)NC2=C(Cl)C=CC(Cl)=C2C1=O,nan,"3-acetyl-5,8-dichloro-2-((4-nitrobenzyl)sulfinyl)quinolin-4(1H)-one",nan,"3-acetyl-5,8-dichloro-2-((4- nitrobenzyl)sulfinyl)quinolin-4(1H)-one",False,False,False,../base/data/bronze/artifacts/2017_raw.xlsx,표3,59
58,CC(=O)/C1=C(\S(=O)CC2=C(C#N)C=CC=C2)NC2=C(Br)C=CC(Cl)=C2C1=O,nan,"2-(((3-acetyl-8-bromo-5-chloro-4-oxo-1,4-dihydroquinolin-2-yl)sulfinyl)methyl)benzonitrile",nan,"2-(((3-acetyl-8-bromo-5-chloro-4-oxo-1,4- dihydroquinolin-2-yl)sulfinyl)methyl)benzonitrile",False,False,False,../base/data/bronze/artifacts/2017_raw.xlsx,표3,60
59,COC1=CC(CS(=O)/C2=C(\C(C)=O)C(=O)C3=C(Cl)C=CC(Br)=C3N2)=CC(OC)=C1,nan,"3-acetyl-8-bromo-5-chloro-2-((3,5-dimethoxybenzyl)sulfinyl)quinolin-4(1H)-one",nan,"3-acetyl-8-bromo-5-chloro-2-((3,5- dimethoxybenzyl)sulfinyl)quinolin-4(1H)-one",False,False,False,../base/data/bronze/artifacts/2017_raw.xlsx,표3,61
60,CC(=O)/C1=C(\S(=O)CC2=CC=C(C(C)(C)C)C=C2)NC2=C(Br)C=CC(Cl)=C2C1=O,nan,3-acetyl-8-bromo-2-((4-(tert-butyl)benzyl)sulfinyl)-5-chloroquinolin-4(1H)-one,nan,3-acetyl-8-bromo-2-((4-(tert- butyl)benzyl)sulfinyl)-5-chloroquinolin-4(1H)-one,False,False,False,../base/data/bronze/artifacts/2017_raw.xlsx,표3,62
61,COCS/C1=C(\C(C)=O)C(=O)C2=C(Cl)C=CC(Br)=C2N1,nan,3-acetyl-8-bromo-5-chloro-2-((methoxymethyl)thio)quinolin-4(1H)-one,nan,3-acetyl-8-bromo-5-chloro-2- ((methoxymethyl)thio)quinolin-4(1H)-one,False,False,False,../base/data/bronze/artifacts/2017_raw.xlsx,표3,63
62,CC(=O)/C1=C(\S)NC2=C(Br)C=CC(Cl)=C2C1=O,nan,3-acetyl-8-bromo-5-chloro-2-mercaptoquinolin-4(1H)-one,nan,3-acetyl-8-bromo-5-chloro-2-mercaptoquinolin- 4(1H)-one,False,False,False,../base/data/bronze/artifacts/2017_raw.xlsx,표3,64
63,CC(=O)/C1=C(\S(=O)CC2=CC=C(C(=O)C3=CC=CC=C3)C=C2)NC2=C(Br)C=CC(Cl)=C2C1=O,nan,3-acetyl-2-((4-benzoylbenzyl)sulfinyl)-8-bromo-5-chloroquinolin-4(1H)-one,nan,3-acetyl-2-((4-benzoylbenzyl)sulfinyl)-8-bromo-5- chloroquinolin-4(1H)-one,False,False,False,../base/data/bronze/artifacts/2017_raw.xlsx,표3,65
64,CC(=O)/C1=C(\S(=O)CC2=CC=C(S(=O)C(F)(F)F)C=C2)NC2=C(Br)C=CC(Cl)=C2C1=O,nan,3-acetyl-8-bromo-5-chloro-2-((4-((trifluoromethyl)sulfinyl)benzyl)sulfinyl)quinolin-4(1H)-one,nan,nan,False,False,False,../base/data/bronze/artifacts/2017_raw.xlsx,표3,66
65,CC(=O)/C1=C(\S(=O)CC#N)NC2=C(Br)C=CC(Cl)=C2C1=O,nan,"2-((3-acetyl-8-bromo-5-chloro-4-oxo-1,4-dihydroquinolin-2-yl)sulfinyl)acetonitrile",nan,"2-((3-acetyl-8-bromo-5-chloro-4-oxo-1,4- dihydroquinolin-2-yl)sulfinyl)acetonitrile",False,False,False,../base/data/bronze/artifacts/2017_raw.xlsx,표3,67
66,CC(=O)/C1=C(\SCC#N)NC2=C(Br)C=CC(Cl)=C2C1=O,nan,"2-((3-acetyl-8-bromo-5-chloro-4-oxo-1,4-dihydroquinolin-2-yl)thio)acetonitrile",nan,"2-((3-acetyl-8-bromo-5-chloro-4-oxo-1,4- dihydroquinolin-2-yl)thio)acetonitrile",False,False,False,../base/data/bronze/artifacts/2017_raw.xlsx,표3,68
67,CC(=O)/C1=C(\S/C=C\C(=O)O)NC2=C(Br)C=CC(Cl)=C2C1=O,nan,"(Z)-3-((3-acetyl-8-bromo-5-chloro-4-oxo-1,4-dihydroquinolin-2-yl)thio)acrylic acid",nan,"(Z)-3-((3-acetyl-8-bromo-5-chloro-4-oxo-1,4- dihydroquinolin-2-yl)thio)acrylic acid",False,True,False,../base/data/bronze/artifacts/2017_raw.xlsx,표3,69
68,O=C1C(=C(S(=O)CC2=CC=C(C=C2)[S](F)(F)(F)(F)F)NC2C1=C(Cl)C=CC=2Br)C(=O)C,nan,3-acetyl-8-bromo-5-chloro-2-((4-(pentafluoro-l6-sulfanyl)benzyl)sulfinyl)quinolin-4(1H)-one,nan,3-acetyl-8-bromo-5-chloro-2-((4-(pentafluoro-l6- sulfanyl)benzyl)sulfinyl)quinolin-4(1H)-one,True,False,True,../base/data/bronze/artifacts/2017_raw.xlsx,표3,70
69,O=C(C)C1=C(S(=O)CC2=CC=C(C=C2F)[S](F)(F)(F)(F)F)NC2C(=C(Cl)C=CC=2Br)C1=O,nan,3-acetyl-8-bromo-5-chloro-2-((2-fluoro-4-(pentafluoro-l6-sulfanyl)benzyl)sulfinyl)quinolin-4(1H)-one,nan,3-acetyl-8-bromo-5-chloro-2-((2-fluoro-4- (pentafluoro-l6-sulfanyl)benzyl)sulfinyl)quinolin- 4(1H)-one,True,False,True,../base/data/bronze/artifacts/2017_raw.xlsx,표3,71
70,CC(=O)/C1=C(\S(=O)CC2=CC=C(C(F)(F)F)C=C2)NC2=C(Br)C=CC(Cl)=C2C1=O,nan,3-acetyl-8-bromo-5-chloro-2-((4-(trifluoromethyl)benzyl)sulfinyl)quinolin-4(1H)-one,nan,3-acetyl-8-bromo-5-chloro-2-((4- (trifluoromethyl)benzyl)sulfinyl)quinolin-4(1H)- one,False,False,False,../base/data/bronze/artifacts/2017_raw.xlsx,표3,72
71,CC(=O)/C1=C(\S(=O)CC2=CC=C(OC(F)(F)F)C=C2)NC2=C(Br)C=CC(Cl)=C2C1=O,nan,3-acetyl-8-bromo-5-chloro-2-((4-(trifluoromethoxy)benzyl)sulfinyl)quinolin-4(1H)-one,nan,3-acetyl-8-bromo-5-chloro-2-((4- (trifluoromethoxy)benzyl)sulfinyl)quinolin-4(1H)- one,False,False,False,../base/data/bronze/artifacts/2017_raw.xlsx,표3,73
72,CC(=O)/C1=C(\S(=O)CC2=CC=C(C(F)(F)F)O2)NC2=C(Br)C=CC(Cl)=C2C1=O,nan,3-acetyl-8-bromo-5-chloro-2-(((5-(trifluoromethyl)furan-2-yl)methyl)sulfinyl)quinolin-4(1H)-one,nan,3-acetyl-8-bromo-5-chloro-2-(((5- (trifluoromethyl)furan-2- yl)methyl)sulfinyl)quinolin-4(1H)-one,False,False,False,../base/data/bronze/artifacts/2017_raw.xlsx,표3,74
73,CC(=O)/C1=C(\S(=O)CC2=CC=C(C#N)C=C2)NC2=C(Br)C=CC(Cl)=C2C1=O,nan,"4-(((3-acetyl-8-bromo-5-chloro-4-oxo-1,4-dihydroquinolin-2-yl)sulfinyl)methyl)benzonitrile",nan,nan,False,False,False,../base/data/bronze/artifacts/2017_raw.xlsx,표3,75
74,CC(=O)/C1=C(\S(=O)CC2=C(F)C=CC=C2Cl)NC2=C(Br)C=CC(Cl)=C2C1=O,nan,3-acetyl-8-bromo-5-chloro-2-((2-chloro-6-fluorobenzyl)sulfinyl)quinolin-4(1H)-one,nan,3-acetyl-8-bromo-5-chloro-2-((2-chloro-6- fluorobenzyl)sulfinyl)quinolin-4(1H)-one,False,False,False,../base/data/bronze/artifacts/2017_raw.xlsx,표3,76
75,O=S(C1=C(C(=O)C2C(=C(Br)C=CC=2Cl)N1)C(=O)C)CC1=CC=C(C=C1OC)[S](F)(F)(F)(F)F,nan,3-acetyl-8-bromo-5-chloro-2-((2-methoxy-4-(pentafluoro--sulfanyl)benzyl)sulfinyl)quinolin-4(1H)-one,nan,3-acetyl-8-bromo-5-chloro-2-((2-methoxy-4- (pentafluoro--sulfanyl)benzyl)sulfinyl)quinolin- 4(1H)-one,True,False,True,../base/data/bronze/artifacts/2017_raw.xlsx,표3,77
76,ClC1=CC(Br)=C2C(=C1)C(=O)C(=C(S(=O)CC3=CC(F)=CC(=C3)[S](F)(F)(F)(F)F)N2)C(=O)C,nan,3-acetyl-8-bromo-5-chloro-2-((3-fluoro-5-(pentafluoro--sulfanyl)benzyl)sulfinyl)quinolin-4(1H)-one,nan,3-acetyl-8-bromo-5-chloro-2-((3-fluoro-5- (pentafluoro--sulfanyl)benzyl)sulfinyl)quinolin- 4(1H)-one,True,False,True,../base/data/bronze/artifacts/2017_raw.xlsx,표3,78
77,ClC1=CC(Br)=C2C(=C1)C(=O)C(=C(S(=O)CC3=CC(F)=CC(=C3)[S](F)(F)(F)(F)F)N2)C(=O)C,nan,3-acetyl-8-bromo-5-chloro-2-((3-(pentafluoro--sulfanyl)benzyl)sulfinyl)quinolin-4(1H)-one,nan,3-acetyl-8-bromo-5-chloro-2-((3-(pentafluoro-- sulfanyl)benzyl)sulfinyl)quinolin-4(1H)-one,True,False,True,../base/data/bronze/artifacts/2017_raw.xlsx,표3,79
78,CC(=O)/C1=C(\S(=O)CC2=C(F)C(F)=C(F)C(F)=C2F)NC2=C(Br)C=CC(Cl)=C2C1=O,nan,3-acetyl-8-bromo-5-chloro-2-(((perfluorophenyl)methyl)sulfinyl)quinolin-4(1H)-one,nan,3-acetyl-8-bromo-5-chloro-2- (((perfluorophenyl)methyl)sulfinyl)quinolin-4(1H)- one,False,False,False,../base/data/bronze/artifacts/2017_raw.xlsx,표3,80
79,O=S(C1=C(C(=O)C)C(=O)C2C(=C(Cl)C=CC=2Cl)N1)CC1=CC=C(C=C1)SC(F)(F)F,nan,"3-acetyl-5,8-dichloro-2-((4-((trifluoromethyl)thio)benzyl)sulfinyl)quinolin-4(1H)-one",nan,"3-acetyl-5,8-dichloro-2-((4- ((trifluoromethyl)thio)benzyl)sulfinyl)quinolin- 4(1H)-one",True,False,True,../base/data/bronze/artifacts/2017_raw.xlsx,표3,81
80,O=C1C2C(=C(F)C=CC=2F)NC(=C1C(=O)C)S(=O)CC1=CC=C(C=C1)[S](F)(F)(F)(F)F,nan,"3-acetyl-5,8-difluoro-2-((4-(pentafluoro--sulfanyl)benzyl)sulfinyl)quinolin-4(1H)-one",nan,"3-acetyl-5,8-difluoro-2-((4-(pentafluoro-- sulfanyl)benzyl)sulfinyl)quinolin-4(1H)-one",True,False,True,../base/data/bronze/artifacts/2017_raw.xlsx,표3,82
81,CC(=O)/C1=C(\S(=O)CC2=CC=C(C(F)(F)F)O2)NC2=C(F)C=CC(F)=C2C1=O,nan,"3-acetyl-5,8-difluoro-2-(((5-(trifluoromethyl)furan-2-yl)methyl)sulfinyl)quinolin-4(1H)-one",nan,"3-acetyl-5,8-difluoro-2-(((5- (trifluoromethyl)furan-2- yl)methyl)sulfinyl)quinolin-4(1H)-one",False,False,False,../base/data/bronze/artifacts/2017_raw.xlsx,표3,83
82,CC(=O)/C1=C(\S(=O)CC2=NOC(C)=C2)NC2=C(F)C=CC(F)=C2C1=O,nan,"3-acetyl-5,8-difluoro-2-(((5-methylisoxazol-3-yl)methyl)sulfinyl)quinolin-4(1H)-one",nan,nan,False,False,False,../base/data/bronze/artifacts/2017_raw.xlsx,표3,84
83,CC(=O)/C1=C(\S(=O)CC2=CC=C(I)C=C2)NC2=C(Cl)C=CC(Cl)=C2C1=O,nan,"3-acetyl-5,8-dichloro-2-((4-iodobenzyl)sulfinyl)quinolin-4(1H)-one",nan,"3-acetyl-5,8-dichloro-2-((4- iodobenzyl)sulfinyl)quinolin-4(1H)-one",False,False,False,../base/data/bronze/artifacts/2017_raw.xlsx,표3,85
84,CC(=O)/C1=C(\S(=O)CC2=CC=CN=C2)NC2=C(Br)C=CC(Cl)=C2C1=O,nan,3-acetyl-8-bromo-5-chloro-2-((pyridin-3-ylmethyl)sulfinyl)quinolin-4(1H)-one,nan,3-acetyl-8-bromo-5-chloro-2-((pyridin-3- ylmethyl)sulfinyl)quinolin-4(1H)-one,False,False,False,../base/data/bronze/artifacts/2017_raw.xlsx,표3,86
85,O=C(C(C)C)C1=C(S(=O)CC2=CC=C(C=C2)SC(F)(F)(F))NC3C(=C(F)C=CC=3F)C1=O,nan,"5,8-difluoro-3-isobutyryl-2-((4-((trifluoromethyl)thio)benzyl)sulfinyl)quinolin-4(1H)-one",nan,"5,8-difluoro-3-isobutyryl-2-((4- ((trifluoromethyl)thio)benzyl)sulfinyl)quinolin- 4(1H)-one",True,False,True,../base/data/bronze/artifacts/2017_raw.xlsx,표3,87
86,CC1=CC(CS(=O)/C2=C(\C(=O)C(C)C)C(=O)C3=C(Cl)C=CC(Cl)=C3N2)=NO1,nan,"5,8-dichloro-3-isobutyryl-2-(((5-methylisoxazol-3-yl)methyl)sulfinyl)quinolin-4(1H)-one",nan,"5,8-dichloro-3-isobutyryl-2-(((5-methylisoxazol-3- yl)methyl)sulfinyl)quinolin-4(1H)-one",False,False,False,../base/data/bronze/artifacts/2017_raw.xlsx,표3,88
87,O=C1C2C(=C(F)C=CC=2F)NC(=C1C(=O)C1C=CC=CC=1)S(=O)CC1=CC=C(C=C1)[S](F)(F)(F)(F)F,nan,"3-benzoyl-5,8-difluoro-2-((4-(pentafluoro--sulfanyl)benzyl)sulfinyl)quinolin-4(1H)-one",nan,"3-benzoyl-5,8-difluoro-2-((4-(pentafluoro-- sulfanyl)benzyl)sulfinyl)quinolin-4(1H)-one",True,False,True,../base/data/bronze/artifacts/2017_raw.xlsx,표3,89
88,CC1=CC(CS(=O)/C2=C(\C(=O)C3=CC=CC=C3)C(=O)C3=C(Cl)C=CC(Cl)=C3N2)=NO1,nan,"3-benzoyl-5,8-dichloro-2-(((5-methylisoxazol-3-yl)methyl)sulfinyl)quinolin-4(1H)-one",nan,"3-benzoyl-5,8-dichloro-2-(((5-methylisoxazol-3- yl)methyl)sulfinyl)quinolin-4(1H)-one",False,False,False,../base/data/bronze/artifacts/2017_raw.xlsx,표3,90
89,COC(=O)C1=CC=C(CS(=O)/C2=C(\C(C)=O)C(=O)C3=C(Cl)C=CC(Cl)=C3N2)O1,nan,"methyl5-(((3-acetyl-5,8-dichloro-4-oxo-1,4-dihydroquinolin-2-yl)sulfinyl)methyl)furan-2-carboxylate",nan,"methyl5-(((3-acetyl-5,8-dichloro-4-oxo-1,4- dihydroquinolin-2-yl)sulfinyl)methyl)furan-2- carboxylate",False,False,False,../base/data/bronze/artifacts/2017_raw.xlsx,표3,91
90,CC(=O)/C1=C(\S(=O)CN2C(=O)C3=C(C=CC=C3)C2=O)NC2=C(Cl)C=CC(Cl)=C2C1=O,nan,"2-(((3-acetyl-5,8-dichloro-4-oxo-1,4-dihydroquinolin-2-yl)sulfinyl)methyl)isoindoline-1,3-dione",nan,"2-(((3-acetyl-5,8-dichloro-4-oxo-1,4- dihydroquinolin-2-yl)sulfinyl)methyl)isoindoline- 1,3-dione",False,False,False,../base/data/bronze/artifacts/2017_raw.xlsx,표3,92
91,COC(=O)C1=CC=C(CS(=O)/C2=C(\C(C)=O)C(=O)C3=C(Cl)C=CC(Cl)=C3N2)C=C1,nan,"methyl4-(((3-acetyl-5,8-dichloro-4-oxo-1,4-dihydroquinolin-2-yl)sulfinyl)methyl)benzoate",nan,nan,False,False,False,../base/data/bronze/artifacts/2017_raw.xlsx,표3,93
92,O=C1C2C(=CC=CC=2OC)NC(=C1C(=O)C)SCC3=CC=C(C=C3)[S](F)(F)(F)(F)F,nan,3-acetyl-5-methoxy-2-((4-(pentafluoro--sulfanyl)benzyl)thio)quinolin-4(1H)-one,nan,3-acetyl-5-methoxy-2-((4-(pentafluoro-- sulfanyl)benzyl)thio)quinolin-4(1H)-one,True,False,True,../base/data/bronze/artifacts/2017_raw.xlsx,표3,94
93,O=C(C)C1=C(S(=O)CC3=CC=C(C=C3)[S](F)(F)(F)(F)F)NC2C(C1=O)=C(OC)C=CC=2,nan,3-acetyl-5-methoxy-2-((4-(pentafluoro--sulfanyl)benzyl)sulfinyl)quinolin-4(1H)-one,nan,3-acetyl-5-methoxy-2-((4-(pentafluoro-- sulfanyl)benzyl)sulfinyl)quinolin-4(1H)-one,True,False,True,../base/data/bronze/artifacts/2017_raw.xlsx,표3,95
94,COC1=C2C(=O)/C(C(C)=O)=C(/S(=O)CC3=NOC(C)=C3)NC2=CC=C1,nan,3-acetyl-5-methoxy-2-(((5-methylisoxazol-3-yl)methyl)sulfinyl)quinolin-4(1H)-one,nan,3-acetyl-5-methoxy-2-(((5-methylisoxazol-3- yl)methyl)sulfinyl)quinolin-4(1H)-one,False,False,False,../base/data/bronze/artifacts/2017_raw.xlsx,표3,96
95,CC1=CC(CS(=O)/C2=C(\C(=O)C(C)C)C(=O)C3=C(Cl)C=CC(Br)=C3N2)=NO1,nan,8-bromo-5-chloro-3-isobutyryl-2-(((5-methylisoxazol-3-yl)methyl)sulfinyl)quinolin-4(1H)-one,nan,8-bromo-5-chloro-3-isobutyryl-2-(((5- methylisoxazol-3-yl)methyl)sulfinyl)quinolin- 4(1H)-one,False,False,False,../base/data/bronze/artifacts/2017_raw.xlsx,표3,97
96,CC1=CC(CS(=O)/C2=C(\C(=O)C3CC3)C(=O)C3=C(Cl)C=CC(Br)=C3N2)=NO1,nan,8-bromo-5-chloro-3-(cyclopropanecarbonyl)-2-(((5-methylisoxazol-3-yl)methyl)sulfinyl)quinolin-4(1H)-one,nan,8-bromo-5-chloro-3-(cyclopropanecarbonyl)-2-(((5- methylisoxazol-3-yl)methyl)sulfinyl)quinolin- 4(1H)-one,False,False,False,../base/data/bronze/artifacts/2017_raw.xlsx,표3,98
97,CC1=CC(CS(=O)/C2=C(\C(=O)C3CC3)C(=O)C3=C(Cl)C=CC(Cl)=C3N2)=NO1,nan,"5,8-dichloro-3-(cyclopropanecarbonyl)-2-(((5-methylisoxazol-3-yl)methyl)sulfinyl)quinolin-4(1H)-one",nan,"5,8-dichloro-3-(cyclopropanecarbonyl)-2-(((5- methylisoxazol-3-yl)methyl)sulfinyl)quinolin- 4(1H)-one",False,False,False,../base/data/bronze/artifacts/2017_raw.xlsx,표3,99
98,CC(=O)/C1=C(\S(=O)CC2=CC=C(C#N)S2)NC2=C(Br)C=CC(Cl)=C2C1=O,nan,"5-(((3-acetyl-8-bromo-5-chloro-4-oxo-1,4-dihydroquinolin-2-yl)sulfinyl)methyl)thiophene-2-carbonitrile",nan,"5-(((3-acetyl-8-bromo-5-chloro-4-oxo-1,4- dihydroquinolin-2-yl)sulfinyl)methyl)thiophene-2- carbonitrile",False,False,False,../base/data/bronze/artifacts/2017_raw.xlsx,표3,100
99,CC(=O)/C1=C(\S(=O)CC2=CC=C(N3C=CC=N3)N=C2)NC2=C(Br)C=CC(Cl)=C2C1=O,nan,2-(((6-(1H-pyrazol-1-yl)pyridin-3-yl)methyl)sulfinyl)-3-acetyl-8-bromo-5-chloroquinolin-4(1H)-one,nan,2-(((6-(1H-pyrazol-1-yl)pyridin-3- yl)methyl)sulfinyl)-3-acetyl-8-bromo-5- chloroquinolin-4(1H)-one,False,False,False,../base/data/bronze/artifacts/2017_raw.xlsx,표3,101
100,CC(=O)/C1=C(\S(=O)CC2=CC=C(N)N=C2)NC2=C(Br)C=CC(Cl)=C2C1=O,nan,3-acetyl-2-(((6-aminopyridin-3-yl)methyl)sulfinyl)-8-bromo-5-chloroquinolin-4(1H)-one,nan,nan,False,False,False,../base/data/bronze/artifacts/2017_raw.xlsx,표3,102
101,ClC1=C2C(NC(=C(C(=O)C3CC3)C2=O)S(=O)CC4=CC=C(C=C4)SC(F)(F)F)=C(Br)C=C1,nan,8-bromo-5-chloro-3-(cyclopropanecarbonyl)-2-((4-((trifluoromethyl)thio)benzyl)sulfinyl)quinolin-4(1H)-one,nan,8-bromo-5-chloro-3-(cyclopropanecarbonyl)-2-((4- ((trifluoromethyl)thio)benzyl)sulfinyl)quinolin- 4(1H)-one,True,False,True,../base/data/bronze/artifacts/2017_raw.xlsx,표3,103
102,CC(=O)/C1=C(\S(=O)CC2=CC=C(C(F)(F)F)N=C2C)NC2=C(Br)C=CC(Cl)=C2C1=O,nan,3-acetyl-8-bromo-5-chloro-2-(((2-methyl-6-(trifluoromethyl)pyridin-3-yl)methyl)sulfinyl)quinolin-4(1H)-one,nan,3-acetyl-8-bromo-5-chloro-2-(((2-methyl-6- (trifluoromethyl)pyridin-3- yl)methyl)sulfinyl)quinolin-4(1H)-one,False,False,False,../base/data/bronze/artifacts/2017_raw.xlsx,표3,104
103,CC(=O)/C1=C(\S(=O)CC2=CC=C(NS(C)(=O)=O)C=C2)NC2=C(Br)C=CC(Cl)=C2C1=O,nan,"N-(4-(((3-acetyl-8-bromo-5-chloro-4-oxo-1,4-dihydroquinolin-2-yl)sulfinyl)methyl)phenyl)methanesulfonamide",nan,"N-(4-(((3-acetyl-8-bromo-5-chloro-4-oxo-1,4- dihydroquinolin-2- yl)sulfinyl)methyl)phenyl)methanesulfonamide",False,False,False,../base/data/bronze/artifacts/2017_raw.xlsx,표3,105
104,CC(=O)/C1=C(\S(=O)CC2=CC=C(Cl)N=C2)NC2=C(Br)C=CC(Cl)=C2C1=O,nan,3-acetyl-8-bromo-5-chloro-2-(((6-chloropyridin-3-yl)methyl)sulfinyl)quinolin-4(1H)-one,nan,3-acetyl-8-bromo-5-chloro-2-(((6-chloropyridin-3- yl)methyl)sulfinyl)quinolin-4(1H)-one,False,False,False,../base/data/bronze/artifacts/2017_raw.xlsx,표3,106
105,COCCNC1=CC=C(CS(=O)/C2=C(\C(C)=O)C(=O)C3=C(Cl)C=CC(Br)=C3N2)C=N1,nan,3-acetyl-8-bromo-5-chloro-2-(((6-((2-methoxyethyl)amino)pyridin-3-yl)methyl)sulfinyl)quinolin-4(1H)-one,nan,3-acetyl-8-bromo-5-chloro-2-(((6-((2- methoxyethyl)amino)pyridin-3- yl)methyl)sulfinyl)quinolin-4(1H)-one,False,False,False,../base/data/bronze/artifacts/2017_raw.xlsx,표3,107
106,CC(=O)/C1=C(\S(=O)CC2=NON=C2C)NC2=C(Br)C=CC(Cl)=C2C1=O,nan,"3-acetyl-8-bromo-5-chloro-2-(((4-methyl-1,2,5-oxadiazol-3-yl)methyl)sulfinyl)quinolin-4(1H)-one",nan,"3-acetyl-8-bromo-5-chloro-2-(((4-methyl-1,2,5- oxadiazol-3-yl)methyl)sulfinyl)quinolin-4(1H)-one",False,False,False,../base/data/bronze/artifacts/2017_raw.xlsx,표3,108
107,CC(=O)/C1=C(\S(=O)CC2=C/N=C3/NC=C/C3=C\2)NC2=C(Br)C=CC(Cl)=C2C1=O,nan,"2-(((1H-pyrrolo[2,3-b]pyridin-5-yl)methyl)sulfinyl)-3-acetyl-8-bromo-5-chloroquinolin-4(1H)-one",nan,"2-(((1H-pyrrolo[2,3-b]pyridin-5- yl)methyl)sulfinyl)-3-acetyl-8-bromo-5- chloroquinolin-4(1H)-one",False,True,False,../base/data/bronze/artifacts/2017_raw.xlsx,표3,109
