compound_id,assay_id,cell_line,value_raw,value_num,unit,censor,provenance_file,provenance_sheet,provenance_row,readout,matrix,unit_std,value_std,std_rule_id,std_confidence
1,egfr_ic50,,>2.00E-5,2e-05,M,gt,raw/2018_WO2018172250_raw.xlsx,Sheet1,1,IC50,enzyme,μM,20,SCL_CONC_V1,1
2,egfr_ic50,,1.83e-05,1.83e-05,M,,raw/2018_WO2018172250_raw.xlsx,Sheet1,2,IC50,enzyme,μM,18.3,SCL_CONC_V1,1
3,egfr_ic50,,>2.00E-5,2e-05,M,gt,raw/2018_WO2018172250_raw.xlsx,Sheet1,3,IC50,enzyme,μM,20,SCL_CONC_V1,1
4,egfr_ic50,,>2.00E-5,2e-05,M,gt,raw/2018_WO2018172250_raw.xlsx,Sheet1,4,IC50,enzyme,μM,20,SCL_CONC_V1,1
5,egfr_ic50,,>2.00E-5,2e-05,M,gt,raw/2018_WO2018172250_raw.xlsx,Sheet1,5,IC50,enzyme,μM,20,SCL_CONC_V1,1
6,egfr_ic50,,>2.00E-5,2e-05,M,gt,raw/2018_WO2018172250_raw.xlsx,Sheet1,6,IC50,enzyme,μM,20,SCL_CONC_V1,1
7,egfr_ic50,,>2.00E-5,2e-05,M,gt,raw/2018_WO2018172250_raw.xlsx,Sheet1,7,IC50,enzyme,μM,20,SCL_CONC_V1,1
8,egfr_ic50,,>2.00E-5,2e-05,M,gt,raw/2018_WO2018172250_raw.xlsx,Sheet1,8,IC50,enzyme,μM,20,SCL_CONC_V1,1
9,egfr_ic50,,>2.00E-5,2e-05,M,gt,raw/2018_WO2018172250_raw.xlsx,Sheet1,9,IC50,enzyme,μM,20,SCL_CONC_V1,1
10,egfr_ic50,,>2.00E-5,2e-05,M,gt,raw/2018_WO2018172250_raw.xlsx,Sheet1,10,IC50,enzyme,μM,20,SCL_CONC_V1,1
11,egfr_ic50,,>2.00E-5,2e-05,M,gt,raw/2018_WO2018172250_raw.xlsx,Sheet1,11,IC50,enzyme,μM,20,SCL_CONC_V1,1
12,egfr_ic50,,>2.00E-5,2e-05,M,gt,raw/2018_WO2018172250_raw.xlsx,Sheet1,12,IC50,enzyme,μM,20,SCL_CONC_V1,1
13,egfr_ic50,,>2.00E-5,2e-05,M,gt,raw/2018_WO2018172250_raw.xlsx,Sheet1,13,IC50,enzyme,μM,20,SCL_CONC_V1,1
14,egfr_ic50,,>2.00E-5,2e-05,M,gt,raw/2018_WO2018172250_raw.xlsx,Sheet1,14,IC50,enzyme,μM,20,SCL_CONC_V1,1
15,egfr_ic50,,>2.00E-5,2e-05,M,gt,raw/2018_WO2018172250_raw.xlsx,Sheet1,15,IC50,enzyme,μM,20,SCL_CONC_V1,1
16,egfr_ic50,,>2.00E-5,2e-05,M,gt,raw/2018_WO2018172250_raw.xlsx,Sheet1,16,IC50,enzyme,μM,20,SCL_CONC_V1,1
17,egfr_ic50,,>2.00E-5,2e-05,M,gt,raw/2018_WO2018172250_raw.xlsx,Sheet1,17,IC50,enzyme,μM,20,SCL_CONC_V1,1
18,egfr_ic50,,>2.00E-5,2e-05,M,gt,raw/2018_WO2018172250_raw.xlsx,Sheet1,18,IC50,enzyme,μM,20,SCL_CONC_V1,1
19,egfr_ic50,,>2.00E-5,2e-05,M,gt,raw/2018_WO2018172250_raw.xlsx,Sheet1,19,IC50,enzyme,μM,20,SCL_CONC_V1,1
20,egfr_ic50,,>2.00E-5,2e-05,M,gt,raw/2018_WO2018172250_raw.xlsx,Sheet1,20,IC50,enzyme,μM,20,SCL_CONC_V1,1
21,egfr_ic50,,>2.00E-5,2e-05,M,gt,raw/2018_WO2018172250_raw.xlsx,Sheet1,21,IC50,enzyme,μM,20,SCL_CONC_V1,1
22,egfr_ic50,,>2.00E-5,2e-05,M,gt,raw/2018_WO2018172250_raw.xlsx,Sheet1,22,IC50,enzyme,μM,20,SCL_CONC_V1,1
23,egfr_ic50,,>2.00E-5,2e-05,M,gt,raw/2018_WO2018172250_raw.xlsx,Sheet1,23,IC50,enzyme,μM,20,SCL_CONC_V1,1
24,egfr_ic50,,>2.00E-5,2e-05,M,gt,raw/2018_WO2018172250_raw.xlsx,Sheet1,24,IC50,enzyme,μM,20,SCL_CONC_V1,1
25,egfr_ic50,,>2.00E-5,2e-05,M,gt,raw/2018_WO2018172250_raw.xlsx,Sheet1,25,IC50,enzyme,μM,20,SCL_CONC_V1,1
26,egfr_ic50,,>2.00E-5,2e-05,M,gt,raw/2018_WO2018172250_raw.xlsx,Sheet1,26,IC50,enzyme,μM,20,SCL_CONC_V1,1
27,egfr_ic50,,>2.00E-5,2e-05,M,gt,raw/2018_WO2018172250_raw.xlsx,Sheet1,27,IC50,enzyme,μM,20,SCL_CONC_V1,1
28,egfr_ic50,,>2.00E-5,2e-05,M,gt,raw/2018_WO2018172250_raw.xlsx,Sheet1,28,IC50,enzyme,μM,20,SCL_CONC_V1,1
29,egfr_ic50,,>2.00E-5,2e-05,M,gt,raw/2018_WO2018172250_raw.xlsx,Sheet1,29,IC50,enzyme,μM,20,SCL_CONC_V1,1
30,egfr_ic50,,>2.00E-5,2e-05,M,gt,raw/2018_WO2018172250_raw.xlsx,Sheet1,30,IC50,enzyme,μM,20,SCL_CONC_V1,1
31,egfr_ic50,,>2.00E-5,2e-05,M,gt,raw/2018_WO2018172250_raw.xlsx,Sheet1,31,IC50,enzyme,μM,20,SCL_CONC_V1,1
32,egfr_ic50,,>2.00E-5,2e-05,M,gt,raw/2018_WO2018172250_raw.xlsx,Sheet1,32,IC50,enzyme,μM,20,SCL_CONC_V1,1
33,egfr_ic50,,>2.00E-5,2e-05,M,gt,raw/2018_WO2018172250_raw.xlsx,Sheet1,33,IC50,enzyme,μM,20,SCL_CONC_V1,1
34,egfr_ic50,,>2.00E-5,2e-05,M,gt,raw/2018_WO2018172250_raw.xlsx,Sheet1,34,IC50,enzyme,μM,20,SCL_CONC_V1,1
35,egfr_ic50,,>2.00E-5,2e-05,M,gt,raw/2018_WO2018172250_raw.xlsx,Sheet1,35,IC50,enzyme,μM,20,SCL_CONC_V1,1
36,egfr_ic50,,n.d.,,M,,raw/2018_WO2018172250_raw.xlsx,Sheet1,36,IC50,enzyme,μM,,SCL_CONC_V1,1
37,egfr_ic50,,n.d.,,M,,raw/2018_WO2018172250_raw.xlsx,Sheet1,37,IC50,enzyme,μM,,SCL_CONC_V1,1
38,egfr_ic50,,n.d.,,M,,raw/2018_WO2018172250_raw.xlsx,Sheet1,38,IC50,enzyme,μM,,SCL_CONC_V1,1
39,egfr_ic50,,n.d.,,M,,raw/2018_WO2018172250_raw.xlsx,Sheet1,39,IC50,enzyme,μM,,SCL_CONC_V1,1
40,egfr_ic50,,n.d.,,M,,raw/2018_WO2018172250_raw.xlsx,Sheet1,40,IC50,enzyme,μM,,SCL_CONC_V1,1
41,egfr_ic50,,n.d.,,M,,raw/2018_WO2018172250_raw.xlsx,Sheet1,41,IC50,enzyme,μM,,SCL_CONC_V1,1
42,egfr_ic50,,n.d.,,M,,raw/2018_WO2018172250_raw.xlsx,Sheet1,42,IC50,enzyme,μM,,SCL_CONC_V1,1
43,egfr_ic50,,n.d.,,M,,raw/2018_WO2018172250_raw.xlsx,Sheet1,43,IC50,enzyme,μM,,SCL_CONC_V1,1
44,egfr_ic50,,n.d.,,M,,raw/2018_WO2018172250_raw.xlsx,Sheet1,44,IC50,enzyme,μM,,SCL_CONC_V1,1
45,egfr_ic50,,n.d.,,M,,raw/2018_WO2018172250_raw.xlsx,Sheet1,45,IC50,enzyme,μM,,SCL_CONC_V1,1
46,egfr_ic50,,n.d.,,M,,raw/2018_WO2018172250_raw.xlsx,Sheet1,46,IC50,enzyme,μM,,SCL_CONC_V1,1
47,egfr_ic50,,n.d.,,M,,raw/2018_WO2018172250_raw.xlsx,Sheet1,47,IC50,enzyme,μM,,SCL_CONC_V1,1
48,egfr_ic50,,n.d.,,M,,raw/2018_WO2018172250_raw.xlsx,Sheet1,48,IC50,enzyme,μM,,SCL_CONC_V1,1
49,egfr_ic50,,n.d.,,M,,raw/2018_WO2018172250_raw.xlsx,Sheet1,49,IC50,enzyme,μM,,SCL_CONC_V1,1
50,egfr_ic50,,n.d.,,M,,raw/2018_WO2018172250_raw.xlsx,Sheet1,50,IC50,enzyme,μM,,SCL_CONC_V1,1
51,egfr_ic50,,n.d.,,M,,raw/2018_WO2018172250_raw.xlsx,Sheet1,51,IC50,enzyme,μM,,SCL_CONC_V1,1
52,egfr_ic50,,n.d.,,M,,raw/2018_WO2018172250_raw.xlsx,Sheet1,52,IC50,enzyme,μM,,SCL_CONC_V1,1
53,egfr_ic50,,n.d.,,M,,raw/2018_WO2018172250_raw.xlsx,Sheet1,53,IC50,enzyme,μM,,SCL_CONC_V1,1
54,egfr_ic50,,n.d.,,M,,raw/2018_WO2018172250_raw.xlsx,Sheet1,54,IC50,enzyme,μM,,SCL_CONC_V1,1
55,egfr_ic50,,n.d.,,M,,raw/2018_WO2018172250_raw.xlsx,Sheet1,55,IC50,enzyme,μM,,SCL_CONC_V1,1
56,egfr_ic50,,n.d.,,M,,raw/2018_WO2018172250_raw.xlsx,Sheet1,56,IC50,enzyme,μM,,SCL_CONC_V1,1
57,egfr_ic50,,n.d.,,M,,raw/2018_WO2018172250_raw.xlsx,Sheet1,57,IC50,enzyme,μM,,SCL_CONC_V1,1
58,egfr_ic50,,n.d.,,M,,raw/2018_WO2018172250_raw.xlsx,Sheet1,58,IC50,enzyme,μM,,SCL_CONC_V1,1
59,egfr_ic50,,n.d.,,M,,raw/2018_WO2018172250_raw.xlsx,Sheet1,59,IC50,enzyme,μM,,SCL_CONC_V1,1
60,egfr_ic50,,n.d.,,M,,raw/2018_WO2018172250_raw.xlsx,Sheet1,60,IC50,enzyme,μM,,SCL_CONC_V1,1
61,egfr_ic50,,n.d.,,M,,raw/2018_WO2018172250_raw.xlsx,Sheet1,61,IC50,enzyme,μM,,SCL_CONC_V1,1
62,egfr_ic50,,n.d.,,M,,raw/2018_WO2018172250_raw.xlsx,Sheet1,62,IC50,enzyme,μM,,SCL_CONC_V1,1
63,egfr_ic50,,n.d.,,M,,raw/2018_WO2018172250_raw.xlsx,Sheet1,63,IC50,enzyme,μM,,SCL_CONC_V1,1
64,egfr_ic50,,n.d.,,M,,raw/2018_WO2018172250_raw.xlsx,Sheet1,64,IC50,enzyme,μM,,SCL_CONC_V1,1
65,egfr_ic50,,n.d.,,M,,raw/2018_WO2018172250_raw.xlsx,Sheet1,65,IC50,enzyme,μM,,SCL_CONC_V1,1
66,egfr_ic50,,n.d.,,M,,raw/2018_WO2018172250_raw.xlsx,Sheet1,66,IC50,enzyme,μM,,SCL_CONC_V1,1
67,egfr_ic50,,n.d.,,M,,raw/2018_WO2018172250_raw.xlsx,Sheet1,67,IC50,enzyme,μM,,SCL_CONC_V1,1
68,egfr_ic50,,6.92e-06,6.92e-06,M,,raw/2018_WO2018172250_raw.xlsx,Sheet1,68,IC50,enzyme,μM,6.92,SCL_CONC_V1,1
69,egfr_ic50,,n.d.,,M,,raw/2018_WO2018172250_raw.xlsx,Sheet1,69,IC50,enzyme,μM,,SCL_CONC_V1,1
70,egfr_ic50,,n.d.,,M,,raw/2018_WO2018172250_raw.xlsx,Sheet1,70,IC50,enzyme,μM,,SCL_CONC_V1,1
71,egfr_ic50,,n.d.,,M,,raw/2018_WO2018172250_raw.xlsx,Sheet1,71,IC50,enzyme,μM,,SCL_CONC_V1,1
72,egfr_ic50,,n.d.,,M,,raw/2018_WO2018172250_raw.xlsx,Sheet1,72,IC50,enzyme,μM,,SCL_CONC_V1,1
73,egfr_ic50,,n.d.,,M,,raw/2018_WO2018172250_raw.xlsx,Sheet1,73,IC50,enzyme,μM,,SCL_CONC_V1,1
74,egfr_ic50,,n.d.,,M,,raw/2018_WO2018172250_raw.xlsx,Sheet1,74,IC50,enzyme,μM,,SCL_CONC_V1,1
75,egfr_ic50,,n.d.,,M,,raw/2018_WO2018172250_raw.xlsx,Sheet1,75,IC50,enzyme,μM,,SCL_CONC_V1,1
76,egfr_ic50,,n.d.,,M,,raw/2018_WO2018172250_raw.xlsx,Sheet1,76,IC50,enzyme,μM,,SCL_CONC_V1,1
77,egfr_ic50,,n.d.,,M,,raw/2018_WO2018172250_raw.xlsx,Sheet1,77,IC50,enzyme,μM,,SCL_CONC_V1,1
78,egfr_ic50,,n.d.,,M,,raw/2018_WO2018172250_raw.xlsx,Sheet1,78,IC50,enzyme,μM,,SCL_CONC_V1,1
79,egfr_ic50,,n.d.,,M,,raw/2018_WO2018172250_raw.xlsx,Sheet1,79,IC50,enzyme,μM,,SCL_CONC_V1,1
80,egfr_ic50,,n.d.,,M,,raw/2018_WO2018172250_raw.xlsx,Sheet1,80,IC50,enzyme,μM,,SCL_CONC_V1,1
81,egfr_ic50,,n.d.,,M,,raw/2018_WO2018172250_raw.xlsx,Sheet1,81,IC50,enzyme,μM,,SCL_CONC_V1,1
82,egfr_ic50,,n.d.,,M,,raw/2018_WO2018172250_raw.xlsx,Sheet1,82,IC50,enzyme,μM,,SCL_CONC_V1,1
83,egfr_ic50,,n.d.,,M,,raw/2018_WO2018172250_raw.xlsx,Sheet1,83,IC50,enzyme,μM,,SCL_CONC_V1,1
84,egfr_ic50,,n.d.,,M,,raw/2018_WO2018172250_raw.xlsx,Sheet1,84,IC50,enzyme,μM,,SCL_CONC_V1,1
85,egfr_ic50,,n.d.,,M,,raw/2018_WO2018172250_raw.xlsx,Sheet1,85,IC50,enzyme,μM,,SCL_CONC_V1,1
86,egfr_ic50,,n.d.,,M,,raw/2018_WO2018172250_raw.xlsx,Sheet1,86,IC50,enzyme,μM,,SCL_CONC_V1,1
87,egfr_ic50,,n.d.,,M,,raw/2018_WO2018172250_raw.xlsx,Sheet1,87,IC50,enzyme,μM,,SCL_CONC_V1,1
88,egfr_ic50,,n.d.,,M,,raw/2018_WO2018172250_raw.xlsx,Sheet1,88,IC50,enzyme,μM,,SCL_CONC_V1,1
89,egfr_ic50,,n.d.,,M,,raw/2018_WO2018172250_raw.xlsx,Sheet1,89,IC50,enzyme,μM,,SCL_CONC_V1,1
90,egfr_ic50,,n.d.,,M,,raw/2018_WO2018172250_raw.xlsx,Sheet1,90,IC50,enzyme,μM,,SCL_CONC_V1,1
91,egfr_ic50,,n.d.,,M,,raw/2018_WO2018172250_raw.xlsx,Sheet1,91,IC50,enzyme,μM,,SCL_CONC_V1,1
92,egfr_ic50,,n.d.,,M,,raw/2018_WO2018172250_raw.xlsx,Sheet1,92,IC50,enzyme,μM,,SCL_CONC_V1,1
93,egfr_ic50,,n.d.,,M,,raw/2018_WO2018172250_raw.xlsx,Sheet1,93,IC50,enzyme,μM,,SCL_CONC_V1,1
94,egfr_ic50,,n.d.,,M,,raw/2018_WO2018172250_raw.xlsx,Sheet1,94,IC50,enzyme,μM,,SCL_CONC_V1,1
95,egfr_ic50,,n.d.,,M,,raw/2018_WO2018172250_raw.xlsx,Sheet1,95,IC50,enzyme,μM,,SCL_CONC_V1,1
96,egfr_ic50,,n.d.,,M,,raw/2018_WO2018172250_raw.xlsx,Sheet1,96,IC50,enzyme,μM,,SCL_CONC_V1,1
97,egfr_ic50,,n.d.,,M,,raw/2018_WO2018172250_raw.xlsx,Sheet1,97,IC50,enzyme,μM,,SCL_CONC_V1,1
98,egfr_ic50,,n.d.,,M,,raw/2018_WO2018172250_raw.xlsx,Sheet1,98,IC50,enzyme,μM,,SCL_CONC_V1,1
99,egfr_ic50,,n.d.,,M,,raw/2018_WO2018172250_raw.xlsx,Sheet1,99,IC50,enzyme,μM,,SCL_CONC_V1,1
100,egfr_ic50,,n.d.,,M,,raw/2018_WO2018172250_raw.xlsx,Sheet1,100,IC50,enzyme,μM,,SCL_CONC_V1,1
101,egfr_ic50,,n.d.,,M,,raw/2018_WO2018172250_raw.xlsx,Sheet1,101,IC50,enzyme,μM,,SCL_CONC_V1,1
102,egfr_ic50,,n.d.,,M,,raw/2018_WO2018172250_raw.xlsx,Sheet1,102,IC50,enzyme,μM,,SCL_CONC_V1,1
103,egfr_ic50,,n.d.,,M,,raw/2018_WO2018172250_raw.xlsx,Sheet1,103,IC50,enzyme,μM,,SCL_CONC_V1,1
104,egfr_ic50,,n.d.,,M,,raw/2018_WO2018172250_raw.xlsx,Sheet1,104,IC50,enzyme,μM,,SCL_CONC_V1,1
105,egfr_ic50,,n.d.,,M,,raw/2018_WO2018172250_raw.xlsx,Sheet1,105,IC50,enzyme,μM,,SCL_CONC_V1,1
106,egfr_ic50,,n.d.,,M,,raw/2018_WO2018172250_raw.xlsx,Sheet1,106,IC50,enzyme,μM,,SCL_CONC_V1,1
107,egfr_ic50,,n.d.,,M,,raw/2018_WO2018172250_raw.xlsx,Sheet1,107,IC50,enzyme,μM,,SCL_CONC_V1,1
108,egfr_ic50,,n.d.,,M,,raw/2018_WO2018172250_raw.xlsx,Sheet1,108,IC50,enzyme,μM,,SCL_CONC_V1,1
109,egfr_ic50,,n.d.,,M,,raw/2018_WO2018172250_raw.xlsx,Sheet1,109,IC50,enzyme,μM,,SCL_CONC_V1,1
110,egfr_ic50,,n.d.,,M,,raw/2018_WO2018172250_raw.xlsx,Sheet1,110,IC50,enzyme,μM,,SCL_CONC_V1,1
111,egfr_ic50,,n.d.,,M,,raw/2018_WO2018172250_raw.xlsx,Sheet1,111,IC50,enzyme,μM,,SCL_CONC_V1,1
112,egfr_ic50,,n.d.,,M,,raw/2018_WO2018172250_raw.xlsx,Sheet1,112,IC50,enzyme,μM,,SCL_CONC_V1,1
113,egfr_ic50,,n.d.,,M,,raw/2018_WO2018172250_raw.xlsx,Sheet1,113,IC50,enzyme,μM,,SCL_CONC_V1,1
114,egfr_ic50,,n.d.,,M,,raw/2018_WO2018172250_raw.xlsx,Sheet1,114,IC50,enzyme,μM,,SCL_CONC_V1,1
115,egfr_ic50,,n.d.,,M,,raw/2018_WO2018172250_raw.xlsx,Sheet1,115,IC50,enzyme,μM,,SCL_CONC_V1,1
116,egfr_ic50,,n.d.,,M,,raw/2018_WO2018172250_raw.xlsx,Sheet1,116,IC50,enzyme,μM,,SCL_CONC_V1,1
117,egfr_ic50,,n.d.,,M,,raw/2018_WO2018172250_raw.xlsx,Sheet1,117,IC50,enzyme,μM,,SCL_CONC_V1,1
118,egfr_ic50,,n.d.,,M,,raw/2018_WO2018172250_raw.xlsx,Sheet1,118,IC50,enzyme,μM,,SCL_CONC_V1,1
119,egfr_ic50,,n.d.,,M,,raw/2018_WO2018172250_raw.xlsx,Sheet1,119,IC50,enzyme,μM,,SCL_CONC_V1,1
120,egfr_ic50,,n.d.,,M,,raw/2018_WO2018172250_raw.xlsx,Sheet1,120,IC50,enzyme,μM,,SCL_CONC_V1,1
121,egfr_ic50,,n.d.,,M,,raw/2018_WO2018172250_raw.xlsx,Sheet1,121,IC50,enzyme,μM,,SCL_CONC_V1,1
122,egfr_ic50,,n.d.,,M,,raw/2018_WO2018172250_raw.xlsx,Sheet1,122,IC50,enzyme,μM,,SCL_CONC_V1,1
123,egfr_ic50,,n.d.,,M,,raw/2018_WO2018172250_raw.xlsx,Sheet1,123,IC50,enzyme,μM,,SCL_CONC_V1,1
124,egfr_ic50,,n.d.,,M,,raw/2018_WO2018172250_raw.xlsx,Sheet1,124,IC50,enzyme,μM,,SCL_CONC_V1,1
125,egfr_ic50,,n.d.,,M,,raw/2018_WO2018172250_raw.xlsx,Sheet1,125,IC50,enzyme,μM,,SCL_CONC_V1,1
126,egfr_ic50,,n.d.,,M,,raw/2018_WO2018172250_raw.xlsx,Sheet1,126,IC50,enzyme,μM,,SCL_CONC_V1,1
127,egfr_ic50,,n.d.,,M,,raw/2018_WO2018172250_raw.xlsx,Sheet1,127,IC50,enzyme,μM,,SCL_CONC_V1,1
128,egfr_ic50,,n.d.,,M,,raw/2018_WO2018172250_raw.xlsx,Sheet1,128,IC50,enzyme,μM,,SCL_CONC_V1,1
129,egfr_ic50,,n.d.,,M,,raw/2018_WO2018172250_raw.xlsx,Sheet1,129,IC50,enzyme,μM,,SCL_CONC_V1,1
130,egfr_ic50,,n.d.,,M,,raw/2018_WO2018172250_raw.xlsx,Sheet1,130,IC50,enzyme,μM,,SCL_CONC_V1,1
131,egfr_ic50,,n.d.,,M,,raw/2018_WO2018172250_raw.xlsx,Sheet1,131,IC50,enzyme,μM,,SCL_CONC_V1,1
132,egfr_ic50,,n.d.,,M,,raw/2018_WO2018172250_raw.xlsx,Sheet1,132,IC50,enzyme,μM,,SCL_CONC_V1,1
133,egfr_ic50,,n.d.,,M,,raw/2018_WO2018172250_raw.xlsx,Sheet1,133,IC50,enzyme,μM,,SCL_CONC_V1,1
134,egfr_ic50,,n.d.,,M,,raw/2018_WO2018172250_raw.xlsx,Sheet1,134,IC50,enzyme,μM,,SCL_CONC_V1,1
135,egfr_ic50,,n.d.,,M,,raw/2018_WO2018172250_raw.xlsx,Sheet1,135,IC50,enzyme,μM,,SCL_CONC_V1,1
136,egfr_ic50,,n.d.,,M,,raw/2018_WO2018172250_raw.xlsx,Sheet1,136,IC50,enzyme,μM,,SCL_CONC_V1,1
137,egfr_ic50,,n.d.,,M,,raw/2018_WO2018172250_raw.xlsx,Sheet1,137,IC50,enzyme,μM,,SCL_CONC_V1,1
138,egfr_ic50,,n.d.,,M,,raw/2018_WO2018172250_raw.xlsx,Sheet1,138,IC50,enzyme,μM,,SCL_CONC_V1,1
139,egfr_ic50,,n.d.,,M,,raw/2018_WO2018172250_raw.xlsx,Sheet1,139,IC50,enzyme,μM,,SCL_CONC_V1,1
140,egfr_ic50,,n.d.,,M,,raw/2018_WO2018172250_raw.xlsx,Sheet1,140,IC50,enzyme,μM,,SCL_CONC_V1,1
141,egfr_ic50,,n.d.,,M,,raw/2018_WO2018172250_raw.xlsx,Sheet1,141,IC50,enzyme,μM,,SCL_CONC_V1,1
142,egfr_ic50,,n.d.,,M,,raw/2018_WO2018172250_raw.xlsx,Sheet1,142,IC50,enzyme,μM,,SCL_CONC_V1,1
143,egfr_ic50,,n.d.,,M,,raw/2018_WO2018172250_raw.xlsx,Sheet1,143,IC50,enzyme,μM,,SCL_CONC_V1,1
144,egfr_ic50,,n.d.,,M,,raw/2018_WO2018172250_raw.xlsx,Sheet1,144,IC50,enzyme,μM,,SCL_CONC_V1,1
145,egfr_ic50,,n.d.,,M,,raw/2018_WO2018172250_raw.xlsx,Sheet1,145,IC50,enzyme,μM,,SCL_CONC_V1,1
146,egfr_ic50,,n.d.,,M,,raw/2018_WO2018172250_raw.xlsx,Sheet1,146,IC50,enzyme,μM,,SCL_CONC_V1,1
147,egfr_ic50,,n.d.,,M,,raw/2018_WO2018172250_raw.xlsx,Sheet1,147,IC50,enzyme,μM,,SCL_CONC_V1,1
148,egfr_ic50,,n.d.,,M,,raw/2018_WO2018172250_raw.xlsx,Sheet1,148,IC50,enzyme,μM,,SCL_CONC_V1,1
149,egfr_ic50,,n.d.,,M,,raw/2018_WO2018172250_raw.xlsx,Sheet1,149,IC50,enzyme,μM,,SCL_CONC_V1,1
150,egfr_ic50,,n.d.,,M,,raw/2018_WO2018172250_raw.xlsx,Sheet1,150,IC50,enzyme,μM,,SCL_CONC_V1,1
151,egfr_ic50,,n.d.,,M,,raw/2018_WO2018172250_raw.xlsx,Sheet1,151,IC50,enzyme,μM,,SCL_CONC_V1,1
152,egfr_ic50,,n.d.,,M,,raw/2018_WO2018172250_raw.xlsx,Sheet1,152,IC50,enzyme,μM,,SCL_CONC_V1,1
153,egfr_ic50,,n.d.,,M,,raw/2018_WO2018172250_raw.xlsx,Sheet1,153,IC50,enzyme,μM,,SCL_CONC_V1,1
154,egfr_ic50,,n.d.,,M,,raw/2018_WO2018172250_raw.xlsx,Sheet1,154,IC50,enzyme,μM,,SCL_CONC_V1,1
155,egfr_ic50,,n.d.,,M,,raw/2018_WO2018172250_raw.xlsx,Sheet1,155,IC50,enzyme,μM,,SCL_CONC_V1,1
156,egfr_ic50,,n.d.,,M,,raw/2018_WO2018172250_raw.xlsx,Sheet1,156,IC50,enzyme,μM,,SCL_CONC_V1,1
157,egfr_ic50,,n.d.,,M,,raw/2018_WO2018172250_raw.xlsx,Sheet1,157,IC50,enzyme,μM,,SCL_CONC_V1,1
158,egfr_ic50,,n.d.,,M,,raw/2018_WO2018172250_raw.xlsx,Sheet1,158,IC50,enzyme,μM,,SCL_CONC_V1,1
159,egfr_ic50,,n.d.,,M,,raw/2018_WO2018172250_raw.xlsx,Sheet1,159,IC50,enzyme,μM,,SCL_CONC_V1,1
160,egfr_ic50,,n.d.,,M,,raw/2018_WO2018172250_raw.xlsx,Sheet1,160,IC50,enzyme,μM,,SCL_CONC_V1,1
161,egfr_ic50,,n.d.,,M,,raw/2018_WO2018172250_raw.xlsx,Sheet1,161,IC50,enzyme,μM,,SCL_CONC_V1,1
162,egfr_ic50,,n.d.,,M,,raw/2018_WO2018172250_raw.xlsx,Sheet1,162,IC50,enzyme,μM,,SCL_CONC_V1,1
163,egfr_ic50,,n.d.,,M,,raw/2018_WO2018172250_raw.xlsx,Sheet1,163,IC50,enzyme,μM,,SCL_CONC_V1,1
164,egfr_ic50,,n.d.,,M,,raw/2018_WO2018172250_raw.xlsx,Sheet1,164,IC50,enzyme,μM,,SCL_CONC_V1,1
165,egfr_ic50,,n.d.,,M,,raw/2018_WO2018172250_raw.xlsx,Sheet1,165,IC50,enzyme,μM,,SCL_CONC_V1,1
166,egfr_ic50,,n.d.,,M,,raw/2018_WO2018172250_raw.xlsx,Sheet1,166,IC50,enzyme,μM,,SCL_CONC_V1,1
167,egfr_ic50,,n.d.,,M,,raw/2018_WO2018172250_raw.xlsx,Sheet1,167,IC50,enzyme,μM,,SCL_CONC_V1,1
168,egfr_ic50,,n.d.,,M,,raw/2018_WO2018172250_raw.xlsx,Sheet1,168,IC50,enzyme,μM,,SCL_CONC_V1,1
169,egfr_ic50,,n.d.,,M,,raw/2018_WO2018172250_raw.xlsx,Sheet1,169,IC50,enzyme,μM,,SCL_CONC_V1,1
170,egfr_ic50,,n.d.,,M,,raw/2018_WO2018172250_raw.xlsx,Sheet1,170,IC50,enzyme,μM,,SCL_CONC_V1,1
171,egfr_ic50,,n.d.,,M,,raw/2018_WO2018172250_raw.xlsx,Sheet1,171,IC50,enzyme,μM,,SCL_CONC_V1,1
172,egfr_ic50,,n.d.,,M,,raw/2018_WO2018172250_raw.xlsx,Sheet1,172,IC50,enzyme,μM,,SCL_CONC_V1,1
173,egfr_ic50,,n.d.,,M,,raw/2018_WO2018172250_raw.xlsx,Sheet1,173,IC50,enzyme,μM,,SCL_CONC_V1,1
174,egfr_ic50,,n.d.,,M,,raw/2018_WO2018172250_raw.xlsx,Sheet1,174,IC50,enzyme,μM,,SCL_CONC_V1,1
175,egfr_ic50,,n.d.,,M,,raw/2018_WO2018172250_raw.xlsx,Sheet1,175,IC50,enzyme,μM,,SCL_CONC_V1,1
176,egfr_ic50,,n.d.,,M,,raw/2018_WO2018172250_raw.xlsx,Sheet1,176,IC50,enzyme,μM,,SCL_CONC_V1,1
177,egfr_ic50,,n.d.,,M,,raw/2018_WO2018172250_raw.xlsx,Sheet1,177,IC50,enzyme,μM,,SCL_CONC_V1,1
178,egfr_ic50,,>2.00E-5,2e-05,M,gt,raw/2018_WO2018172250_raw.xlsx,Sheet1,178,IC50,enzyme,μM,20,SCL_CONC_V1,1
179,egfr_ic50,,>2.00E-5,2e-05,M,gt,raw/2018_WO2018172250_raw.xlsx,Sheet1,179,IC50,enzyme,μM,20,SCL_CONC_V1,1
180,egfr_ic50,,>2.00E-5,2e-05,M,gt,raw/2018_WO2018172250_raw.xlsx,Sheet1,180,IC50,enzyme,μM,20,SCL_CONC_V1,1
181,egfr_ic50,,>2.00E-5,2e-05,M,gt,raw/2018_WO2018172250_raw.xlsx,Sheet1,181,IC50,enzyme,μM,20,SCL_CONC_V1,1
182,egfr_ic50,,>2.00E-5,2e-05,M,gt,raw/2018_WO2018172250_raw.xlsx,Sheet1,182,IC50,enzyme,μM,20,SCL_CONC_V1,1
183,egfr_ic50,,>2.00E-5,2e-05,M,gt,raw/2018_WO2018172250_raw.xlsx,Sheet1,183,IC50,enzyme,μM,20,SCL_CONC_V1,1
184,egfr_ic50,,>2.00E-5,2e-05,M,gt,raw/2018_WO2018172250_raw.xlsx,Sheet1,184,IC50,enzyme,μM,20,SCL_CONC_V1,1
185,egfr_ic50,,>2.00E-5,2e-05,M,gt,raw/2018_WO2018172250_raw.xlsx,Sheet1,185,IC50,enzyme,μM,20,SCL_CONC_V1,1
186,egfr_ic50,,>2.00E-5,2e-05,M,gt,raw/2018_WO2018172250_raw.xlsx,Sheet1,186,IC50,enzyme,μM,20,SCL_CONC_V1,1
187,egfr_ic50,,>2.00E-5,2e-05,M,gt,raw/2018_WO2018172250_raw.xlsx,Sheet1,187,IC50,enzyme,μM,20,SCL_CONC_V1,1
188,egfr_ic50,,>2.00E-5,2e-05,M,gt,raw/2018_WO2018172250_raw.xlsx,Sheet1,188,IC50,enzyme,μM,20,SCL_CONC_V1,1
189,egfr_ic50,,>2.00E-5,2e-05,M,gt,raw/2018_WO2018172250_raw.xlsx,Sheet1,189,IC50,enzyme,μM,20,SCL_CONC_V1,1
190,egfr_ic50,,>2.00E-5,2e-05,M,gt,raw/2018_WO2018172250_raw.xlsx,Sheet1,190,IC50,enzyme,μM,20,SCL_CONC_V1,1
191,egfr_ic50,,>2.00E-5,2e-05,M,gt,raw/2018_WO2018172250_raw.xlsx,Sheet1,191,IC50,enzyme,μM,20,SCL_CONC_V1,1
192,egfr_ic50,,>2.00E-5,2e-05,M,gt,raw/2018_WO2018172250_raw.xlsx,Sheet1,192,IC50,enzyme,μM,20,SCL_CONC_V1,1
193,egfr_ic50,,>2.00E-5,2e-05,M,gt,raw/2018_WO2018172250_raw.xlsx,Sheet1,193,IC50,enzyme,μM,20,SCL_CONC_V1,1
194,egfr_ic50,,>2.00E-5,2e-05,M,gt,raw/2018_WO2018172250_raw.xlsx,Sheet1,194,IC50,enzyme,μM,20,SCL_CONC_V1,1
195,egfr_ic50,,>2.00E-5,2e-05,M,gt,raw/2018_WO2018172250_raw.xlsx,Sheet1,195,IC50,enzyme,μM,20,SCL_CONC_V1,1
196,egfr_ic50,,>2.00E-5,2e-05,M,gt,raw/2018_WO2018172250_raw.xlsx,Sheet1,196,IC50,enzyme,μM,20,SCL_CONC_V1,1
197,egfr_ic50,,>2.00E-5,2e-05,M,gt,raw/2018_WO2018172250_raw.xlsx,Sheet1,197,IC50,enzyme,μM,20,SCL_CONC_V1,1
198,egfr_ic50,,>2.00E-5,2e-05,M,gt,raw/2018_WO2018172250_raw.xlsx,Sheet1,198,IC50,enzyme,μM,20,SCL_CONC_V1,1
199,egfr_ic50,,>2.00E-5,2e-05,M,gt,raw/2018_WO2018172250_raw.xlsx,Sheet1,199,IC50,enzyme,μM,20,SCL_CONC_V1,1
200,egfr_ic50,,>2.00E-5,2e-05,M,gt,raw/2018_WO2018172250_raw.xlsx,Sheet1,200,IC50,enzyme,μM,20,SCL_CONC_V1,1
201,egfr_ic50,,>2.00E-5,2e-05,M,gt,raw/2018_WO2018172250_raw.xlsx,Sheet1,201,IC50,enzyme,μM,20,SCL_CONC_V1,1
202,egfr_ic50,,>2.00E-5,2e-05,M,gt,raw/2018_WO2018172250_raw.xlsx,Sheet1,202,IC50,enzyme,μM,20,SCL_CONC_V1,1
203,egfr_ic50,,>2.00E-5,2e-05,M,gt,raw/2018_WO2018172250_raw.xlsx,Sheet1,203,IC50,enzyme,μM,20,SCL_CONC_V1,1
204,egfr_ic50,,>2.00E-5,2e-05,M,gt,raw/2018_WO2018172250_raw.xlsx,Sheet1,204,IC50,enzyme,μM,20,SCL_CONC_V1,1
205,egfr_ic50,,>2.00E-5,2e-05,M,gt,raw/2018_WO2018172250_raw.xlsx,Sheet1,205,IC50,enzyme,μM,20,SCL_CONC_V1,1
206,egfr_ic50,,>2.00E-5,2e-05,M,gt,raw/2018_WO2018172250_raw.xlsx,Sheet1,206,IC50,enzyme,μM,20,SCL_CONC_V1,1
207,egfr_ic50,,>2.00E-5,2e-05,M,gt,raw/2018_WO2018172250_raw.xlsx,Sheet1,207,IC50,enzyme,μM,20,SCL_CONC_V1,1
208,egfr_ic50,,>2.00E-5,2e-05,M,gt,raw/2018_WO2018172250_raw.xlsx,Sheet1,208,IC50,enzyme,μM,20,SCL_CONC_V1,1
209,egfr_ic50,,>2.00E-5,2e-05,M,gt,raw/2018_WO2018172250_raw.xlsx,Sheet1,209,IC50,enzyme,μM,20,SCL_CONC_V1,1
210,egfr_ic50,,>2.00E-5,2e-05,M,gt,raw/2018_WO2018172250_raw.xlsx,Sheet1,210,IC50,enzyme,μM,20,SCL_CONC_V1,1
211,egfr_ic50,,>2.00E-5,2e-05,M,gt,raw/2018_WO2018172250_raw.xlsx,Sheet1,211,IC50,enzyme,μM,20,SCL_CONC_V1,1
212,egfr_ic50,,>2.00E-5,2e-05,M,gt,raw/2018_WO2018172250_raw.xlsx,Sheet1,212,IC50,enzyme,μM,20,SCL_CONC_V1,1
213,egfr_ic50,,>2.00E-5,2e-05,M,gt,raw/2018_WO2018172250_raw.xlsx,Sheet1,213,IC50,enzyme,μM,20,SCL_CONC_V1,1
214,egfr_ic50,,>2.00E-5,2e-05,M,gt,raw/2018_WO2018172250_raw.xlsx,Sheet1,214,IC50,enzyme,μM,20,SCL_CONC_V1,1
215,egfr_ic50,,2.57e-06,2.57e-06,M,,raw/2018_WO2018172250_raw.xlsx,Sheet1,215,IC50,enzyme,μM,2.57,SCL_CONC_V1,1
216,egfr_ic50,,>2.00E-5,2e-05,M,gt,raw/2018_WO2018172250_raw.xlsx,Sheet1,216,IC50,enzyme,μM,20,SCL_CONC_V1,1
217,egfr_ic50,,>2.00E-5,2e-05,M,gt,raw/2018_WO2018172250_raw.xlsx,Sheet1,217,IC50,enzyme,μM,20,SCL_CONC_V1,1
218,egfr_ic50,,>2.00E-5,2e-05,M,gt,raw/2018_WO2018172250_raw.xlsx,Sheet1,218,IC50,enzyme,μM,20,SCL_CONC_V1,1
219,egfr_ic50,,>2.00E-5,2e-05,M,gt,raw/2018_WO2018172250_raw.xlsx,Sheet1,219,IC50,enzyme,μM,20,SCL_CONC_V1,1
220,egfr_ic50,,>2.00E-5,2e-05,M,gt,raw/2018_WO2018172250_raw.xlsx,Sheet1,220,IC50,enzyme,μM,20,SCL_CONC_V1,1
221,egfr_ic50,,>2.00E-5,2e-05,M,gt,raw/2018_WO2018172250_raw.xlsx,Sheet1,221,IC50,enzyme,μM,20,SCL_CONC_V1,1
222,egfr_ic50,,>2.00E-5,2e-05,M,gt,raw/2018_WO2018172250_raw.xlsx,Sheet1,222,IC50,enzyme,μM,20,SCL_CONC_V1,1
223,egfr_ic50,,>2.00E-5,2e-05,M,gt,raw/2018_WO2018172250_raw.xlsx,Sheet1,223,IC50,enzyme,μM,20,SCL_CONC_V1,1
224,egfr_ic50,,>2.00E-5,2e-05,M,gt,raw/2018_WO2018172250_raw.xlsx,Sheet1,224,IC50,enzyme,μM,20,SCL_CONC_V1,1
225,egfr_ic50,,>2.00E-5,2e-05,M,gt,raw/2018_WO2018172250_raw.xlsx,Sheet1,225,IC50,enzyme,μM,20,SCL_CONC_V1,1
226,egfr_ic50,,>2.00E-5,2e-05,M,gt,raw/2018_WO2018172250_raw.xlsx,Sheet1,226,IC50,enzyme,μM,20,SCL_CONC_V1,1
227,egfr_ic50,,>2.00E-5,2e-05,M,gt,raw/2018_WO2018172250_raw.xlsx,Sheet1,227,IC50,enzyme,μM,20,SCL_CONC_V1,1
228,egfr_ic50,,3.41e-07,3.41e-07,M,,raw/2018_WO2018172250_raw.xlsx,Sheet1,228,IC50,enzyme,μM,0.341,SCL_CONC_V1,1
229,egfr_ic50,,>2.00E-5,2e-05,M,gt,raw/2018_WO2018172250_raw.xlsx,Sheet1,229,IC50,enzyme,μM,20,SCL_CONC_V1,1
230,egfr_ic50,,>2.00E-5,2e-05,M,gt,raw/2018_WO2018172250_raw.xlsx,Sheet1,230,IC50,enzyme,μM,20,SCL_CONC_V1,1
231,egfr_ic50,,>2.00E-5,2e-05,M,gt,raw/2018_WO2018172250_raw.xlsx,Sheet1,231,IC50,enzyme,μM,20,SCL_CONC_V1,1
232,egfr_ic50,,>2.00E-5,2e-05,M,gt,raw/2018_WO2018172250_raw.xlsx,Sheet1,232,IC50,enzyme,μM,20,SCL_CONC_V1,1
233,egfr_ic50,,>2.00E-5,2e-05,M,gt,raw/2018_WO2018172250_raw.xlsx,Sheet1,233,IC50,enzyme,μM,20,SCL_CONC_V1,1
234,egfr_ic50,,>2.00E-5,2e-05,M,gt,raw/2018_WO2018172250_raw.xlsx,Sheet1,234,IC50,enzyme,μM,20,SCL_CONC_V1,1
235,egfr_ic50,,>2.00E-5,2e-05,M,gt,raw/2018_WO2018172250_raw.xlsx,Sheet1,235,IC50,enzyme,μM,20,SCL_CONC_V1,1
236,egfr_ic50,,>2.00E-5,2e-05,M,gt,raw/2018_WO2018172250_raw.xlsx,Sheet1,236,IC50,enzyme,μM,20,SCL_CONC_V1,1
237,egfr_ic50,,>2.00E-5,2e-05,M,gt,raw/2018_WO2018172250_raw.xlsx,Sheet1,237,IC50,enzyme,μM,20,SCL_CONC_V1,1
238,egfr_ic50,,>2.00E-5,2e-05,M,gt,raw/2018_WO2018172250_raw.xlsx,Sheet1,238,IC50,enzyme,μM,20,SCL_CONC_V1,1
239,egfr_ic50,,>2.00E-5,2e-05,M,gt,raw/2018_WO2018172250_raw.xlsx,Sheet1,239,IC50,enzyme,μM,20,SCL_CONC_V1,1
240,egfr_ic50,,>2.00E-5,2e-05,M,gt,raw/2018_WO2018172250_raw.xlsx,Sheet1,240,IC50,enzyme,μM,20,SCL_CONC_V1,1
241,egfr_ic50,,>2.00E-5,2e-05,M,gt,raw/2018_WO2018172250_raw.xlsx,Sheet1,241,IC50,enzyme,μM,20,SCL_CONC_V1,1
242,egfr_ic50,,>2.00E-5,2e-05,M,gt,raw/2018_WO2018172250_raw.xlsx,Sheet1,242,IC50,enzyme,μM,20,SCL_CONC_V1,1
243,egfr_ic50,,>2.00E-5,2e-05,M,gt,raw/2018_WO2018172250_raw.xlsx,Sheet1,243,IC50,enzyme,μM,20,SCL_CONC_V1,1
244,egfr_ic50,,>2.00E-5,2e-05,M,gt,raw/2018_WO2018172250_raw.xlsx,Sheet1,244,IC50,enzyme,μM,20,SCL_CONC_V1,1
245,egfr_ic50,,>2.00E-5,2e-05,M,gt,raw/2018_WO2018172250_raw.xlsx,Sheet1,245,IC50,enzyme,μM,20,SCL_CONC_V1,1
246,egfr_ic50,,>2.00E-5,2e-05,M,gt,raw/2018_WO2018172250_raw.xlsx,Sheet1,246,IC50,enzyme,μM,20,SCL_CONC_V1,1
247,egfr_ic50,,>2.00E-5,2e-05,M,gt,raw/2018_WO2018172250_raw.xlsx,Sheet1,247,IC50,enzyme,μM,20,SCL_CONC_V1,1
248,egfr_ic50,,>2.00E-5,2e-05,M,gt,raw/2018_WO2018172250_raw.xlsx,Sheet1,248,IC50,enzyme,μM,20,SCL_CONC_V1,1
249,egfr_ic50,,>2.00E-5,2e-05,M,gt,raw/2018_WO2018172250_raw.xlsx,Sheet1,249,IC50,enzyme,μM,20,SCL_CONC_V1,1
250,egfr_ic50,,>2.00E-5,2e-05,M,gt,raw/2018_WO2018172250_raw.xlsx,Sheet1,250,IC50,enzyme,μM,20,SCL_CONC_V1,1
251,egfr_ic50,,>2.00E-5,2e-05,M,gt,raw/2018_WO2018172250_raw.xlsx,Sheet1,251,IC50,enzyme,μM,20,SCL_CONC_V1,1
252,egfr_ic50,,>2.00E-5,2e-05,M,gt,raw/2018_WO2018172250_raw.xlsx,Sheet1,252,IC50,enzyme,μM,20,SCL_CONC_V1,1
253,egfr_ic50,,>2.00E-5,2e-05,M,gt,raw/2018_WO2018172250_raw.xlsx,Sheet1,253,IC50,enzyme,μM,20,SCL_CONC_V1,1
254,egfr_ic50,,>2.00E-5,2e-05,M,gt,raw/2018_WO2018172250_raw.xlsx,Sheet1,254,IC50,enzyme,μM,20,SCL_CONC_V1,1
255,egfr_ic50,,>2.00E-5,2e-05,M,gt,raw/2018_WO2018172250_raw.xlsx,Sheet1,255,IC50,enzyme,μM,20,SCL_CONC_V1,1
256,egfr_ic50,,>2.00E-5,2e-05,M,gt,raw/2018_WO2018172250_raw.xlsx,Sheet1,256,IC50,enzyme,μM,20,SCL_CONC_V1,1
257,egfr_ic50,,>2.00E-5,2e-05,M,gt,raw/2018_WO2018172250_raw.xlsx,Sheet1,257,IC50,enzyme,μM,20,SCL_CONC_V1,1
258,egfr_ic50,,>2.00E-5,2e-05,M,gt,raw/2018_WO2018172250_raw.xlsx,Sheet1,258,IC50,enzyme,μM,20,SCL_CONC_V1,1
259,egfr_ic50,,>2.00E-5,2e-05,M,gt,raw/2018_WO2018172250_raw.xlsx,Sheet1,259,IC50,enzyme,μM,20,SCL_CONC_V1,1
260,egfr_ic50,,>2.00E-5,2e-05,M,gt,raw/2018_WO2018172250_raw.xlsx,Sheet1,260,IC50,enzyme,μM,20,SCL_CONC_V1,1
261,egfr_ic50,,>2.00E-5,2e-05,M,gt,raw/2018_WO2018172250_raw.xlsx,Sheet1,261,IC50,enzyme,μM,20,SCL_CONC_V1,1
262,egfr_ic50,,>2.00E-5,2e-05,M,gt,raw/2018_WO2018172250_raw.xlsx,Sheet1,262,IC50,enzyme,μM,20,SCL_CONC_V1,1
263,egfr_ic50,,>2.00E-5,2e-05,M,gt,raw/2018_WO2018172250_raw.xlsx,Sheet1,263,IC50,enzyme,μM,20,SCL_CONC_V1,1
264,egfr_ic50,,>2.00E-5,2e-05,M,gt,raw/2018_WO2018172250_raw.xlsx,Sheet1,264,IC50,enzyme,μM,20,SCL_CONC_V1,1
265,egfr_ic50,,>2.00E-5,2e-05,M,gt,raw/2018_WO2018172250_raw.xlsx,Sheet1,265,IC50,enzyme,μM,20,SCL_CONC_V1,1
266,egfr_ic50,,>2.00E-5,2e-05,M,gt,raw/2018_WO2018172250_raw.xlsx,Sheet1,266,IC50,enzyme,μM,20,SCL_CONC_V1,1
267,egfr_ic50,,>2.00E-5,2e-05,M,gt,raw/2018_WO2018172250_raw.xlsx,Sheet1,267,IC50,enzyme,μM,20,SCL_CONC_V1,1
268,egfr_ic50,,>2.00E-5,2e-05,M,gt,raw/2018_WO2018172250_raw.xlsx,Sheet1,268,IC50,enzyme,μM,20,SCL_CONC_V1,1
269,egfr_ic50,,>2.00E-5,2e-05,M,gt,raw/2018_WO2018172250_raw.xlsx,Sheet1,269,IC50,enzyme,μM,20,SCL_CONC_V1,1
270,egfr_ic50,,>2.00E-5,2e-05,M,gt,raw/2018_WO2018172250_raw.xlsx,Sheet1,270,IC50,enzyme,μM,20,SCL_CONC_V1,1
271,egfr_ic50,,>2.00E-5,2e-05,M,gt,raw/2018_WO2018172250_raw.xlsx,Sheet1,271,IC50,enzyme,μM,20,SCL_CONC_V1,1
272,egfr_ic50,,>2.00E-5,2e-05,M,gt,raw/2018_WO2018172250_raw.xlsx,Sheet1,272,IC50,enzyme,μM,20,SCL_CONC_V1,1
273,egfr_ic50,,>2.00E-5,2e-05,M,gt,raw/2018_WO2018172250_raw.xlsx,Sheet1,273,IC50,enzyme,μM,20,SCL_CONC_V1,1
274,egfr_ic50,,>2.00E-5,2e-05,M,gt,raw/2018_WO2018172250_raw.xlsx,Sheet1,274,IC50,enzyme,μM,20,SCL_CONC_V1,1
275,egfr_ic50,,>2.00E-5,2e-05,M,gt,raw/2018_WO2018172250_raw.xlsx,Sheet1,275,IC50,enzyme,μM,20,SCL_CONC_V1,1
276,egfr_ic50,,>2.00E-5,2e-05,M,gt,raw/2018_WO2018172250_raw.xlsx,Sheet1,276,IC50,enzyme,μM,20,SCL_CONC_V1,1
277,egfr_ic50,,>2.00E-5,2e-05,M,gt,raw/2018_WO2018172250_raw.xlsx,Sheet1,277,IC50,enzyme,μM,20,SCL_CONC_V1,1
278,egfr_ic50,,>2.00E-5,2e-05,M,gt,raw/2018_WO2018172250_raw.xlsx,Sheet1,278,IC50,enzyme,μM,20,SCL_CONC_V1,1
279,egfr_ic50,,>2.00E-5,2e-05,M,gt,raw/2018_WO2018172250_raw.xlsx,Sheet1,279,IC50,enzyme,μM,20,SCL_CONC_V1,1
280,egfr_ic50,,>2.00E-5,2e-05,M,gt,raw/2018_WO2018172250_raw.xlsx,Sheet1,280,IC50,enzyme,μM,20,SCL_CONC_V1,1
281,egfr_ic50,,>2.00E-5,2e-05,M,gt,raw/2018_WO2018172250_raw.xlsx,Sheet1,281,IC50,enzyme,μM,20,SCL_CONC_V1,1
282,egfr_ic50,,>2.00E-5,2e-05,M,gt,raw/2018_WO2018172250_raw.xlsx,Sheet1,282,IC50,enzyme,μM,20,SCL_CONC_V1,1
283,egfr_ic50,,>2.00E-5,2e-05,M,gt,raw/2018_WO2018172250_raw.xlsx,Sheet1,283,IC50,enzyme,μM,20,SCL_CONC_V1,1
284,egfr_ic50,,>2.00E-5,2e-05,M,gt,raw/2018_WO2018172250_raw.xlsx,Sheet1,284,IC50,enzyme,μM,20,SCL_CONC_V1,1
285,egfr_ic50,,>2.00E-5,2e-05,M,gt,raw/2018_WO2018172250_raw.xlsx,Sheet1,285,IC50,enzyme,μM,20,SCL_CONC_V1,1
286,egfr_ic50,,>2.00E-5,2e-05,M,gt,raw/2018_WO2018172250_raw.xlsx,Sheet1,286,IC50,enzyme,μM,20,SCL_CONC_V1,1
287,egfr_ic50,,>2.00E-5,2e-05,M,gt,raw/2018_WO2018172250_raw.xlsx,Sheet1,287,IC50,enzyme,μM,20,SCL_CONC_V1,1
288,egfr_ic50,,>2.00E-5,2e-05,M,gt,raw/2018_WO2018172250_raw.xlsx,Sheet1,288,IC50,enzyme,μM,20,SCL_CONC_V1,1
289,egfr_ic50,,>2.00E-5,2e-05,M,gt,raw/2018_WO2018172250_raw.xlsx,Sheet1,289,IC50,enzyme,μM,20,SCL_CONC_V1,1
290,egfr_ic50,,>2.00E-5,2e-05,M,gt,raw/2018_WO2018172250_raw.xlsx,Sheet1,290,IC50,enzyme,μM,20,SCL_CONC_V1,1
291,egfr_ic50,,>2.00E-5,2e-05,M,gt,raw/2018_WO2018172250_raw.xlsx,Sheet1,291,IC50,enzyme,μM,20,SCL_CONC_V1,1
292,egfr_ic50,,>2.00E-5,2e-05,M,gt,raw/2018_WO2018172250_raw.xlsx,Sheet1,292,IC50,enzyme,μM,20,SCL_CONC_V1,1
293,egfr_ic50,,>2.00E-5,2e-05,M,gt,raw/2018_WO2018172250_raw.xlsx,Sheet1,293,IC50,enzyme,μM,20,SCL_CONC_V1,1
294,egfr_ic50,,>2.00E-5,2e-05,M,gt,raw/2018_WO2018172250_raw.xlsx,Sheet1,294,IC50,enzyme,μM,20,SCL_CONC_V1,1
295,egfr_ic50,,>2.00E-5,2e-05,M,gt,raw/2018_WO2018172250_raw.xlsx,Sheet1,295,IC50,enzyme,μM,20,SCL_CONC_V1,1
296,egfr_ic50,,>2.00E-5,2e-05,M,gt,raw/2018_WO2018172250_raw.xlsx,Sheet1,296,IC50,enzyme,μM,20,SCL_CONC_V1,1
297,egfr_ic50,,>2.00E-5,2e-05,M,gt,raw/2018_WO2018172250_raw.xlsx,Sheet1,297,IC50,enzyme,μM,20,SCL_CONC_V1,1
298,egfr_ic50,,>2.00E-5,2e-05,M,gt,raw/2018_WO2018172250_raw.xlsx,Sheet1,298,IC50,enzyme,μM,20,SCL_CONC_V1,1
299,egfr_ic50,,>2.00E-5,2e-05,M,gt,raw/2018_WO2018172250_raw.xlsx,Sheet1,299,IC50,enzyme,μM,20,SCL_CONC_V1,1
300,egfr_ic50,,>2.00E-5,2e-05,M,gt,raw/2018_WO2018172250_raw.xlsx,Sheet1,300,IC50,enzyme,μM,20,SCL_CONC_V1,1
301,egfr_ic50,,>2.00E-5,2e-05,M,gt,raw/2018_WO2018172250_raw.xlsx,Sheet1,301,IC50,enzyme,μM,20,SCL_CONC_V1,1
302,egfr_ic50,,>2.00E-5,2e-05,M,gt,raw/2018_WO2018172250_raw.xlsx,Sheet1,302,IC50,enzyme,μM,20,SCL_CONC_V1,1
303,egfr_ic50,,>2.00E-5,2e-05,M,gt,raw/2018_WO2018172250_raw.xlsx,Sheet1,303,IC50,enzyme,μM,20,SCL_CONC_V1,1
304,egfr_ic50,,>2.00E-5,2e-05,M,gt,raw/2018_WO2018172250_raw.xlsx,Sheet1,304,IC50,enzyme,μM,20,SCL_CONC_V1,1
305,egfr_ic50,,>2.00E-5,2e-05,M,gt,raw/2018_WO2018172250_raw.xlsx,Sheet1,305,IC50,enzyme,μM,20,SCL_CONC_V1,1
306,egfr_ic50,,>2.00E-5,2e-05,M,gt,raw/2018_WO2018172250_raw.xlsx,Sheet1,306,IC50,enzyme,μM,20,SCL_CONC_V1,1
307,egfr_ic50,,>2.00E-5,2e-05,M,gt,raw/2018_WO2018172250_raw.xlsx,Sheet1,307,IC50,enzyme,μM,20,SCL_CONC_V1,1
308,egfr_ic50,,>2.00E-5,2e-05,M,gt,raw/2018_WO2018172250_raw.xlsx,Sheet1,308,IC50,enzyme,μM,20,SCL_CONC_V1,1
309,egfr_ic50,,>2.00E-5,2e-05,M,gt,raw/2018_WO2018172250_raw.xlsx,Sheet1,309,IC50,enzyme,μM,20,SCL_CONC_V1,1
310,egfr_ic50,,>2.00E-5,2e-05,M,gt,raw/2018_WO2018172250_raw.xlsx,Sheet1,310,IC50,enzyme,μM,20,SCL_CONC_V1,1
311,egfr_ic50,,>2.00E-5,2e-05,M,gt,raw/2018_WO2018172250_raw.xlsx,Sheet1,311,IC50,enzyme,μM,20,SCL_CONC_V1,1
312,egfr_ic50,,>2.00E-5,2e-05,M,gt,raw/2018_WO2018172250_raw.xlsx,Sheet1,312,IC50,enzyme,μM,20,SCL_CONC_V1,1
313,egfr_ic50,,>2.00E-5,2e-05,M,gt,raw/2018_WO2018172250_raw.xlsx,Sheet1,313,IC50,enzyme,μM,20,SCL_CONC_V1,1
314,egfr_ic50,,>2.00E-5,2e-05,M,gt,raw/2018_WO2018172250_raw.xlsx,Sheet1,314,IC50,enzyme,μM,20,SCL_CONC_V1,1
315,egfr_ic50,,>2.00E-5,2e-05,M,gt,raw/2018_WO2018172250_raw.xlsx,Sheet1,315,IC50,enzyme,μM,20,SCL_CONC_V1,1
316,egfr_ic50,,>2.00E-5,2e-05,M,gt,raw/2018_WO2018172250_raw.xlsx,Sheet1,316,IC50,enzyme,μM,20,SCL_CONC_V1,1
317,egfr_ic50,,>2.00E-5,2e-05,M,gt,raw/2018_WO2018172250_raw.xlsx,Sheet1,317,IC50,enzyme,μM,20,SCL_CONC_V1,1
318,egfr_ic50,,>2.00E-5,2e-05,M,gt,raw/2018_WO2018172250_raw.xlsx,Sheet1,318,IC50,enzyme,μM,20,SCL_CONC_V1,1
319,egfr_ic50,,>2.00E-5,2e-05,M,gt,raw/2018_WO2018172250_raw.xlsx,Sheet1,319,IC50,enzyme,μM,20,SCL_CONC_V1,1
320,egfr_ic50,,>2.00E-5,2e-05,M,gt,raw/2018_WO2018172250_raw.xlsx,Sheet1,320,IC50,enzyme,μM,20,SCL_CONC_V1,1
321,egfr_ic50,,>2.00E-5,2e-05,M,gt,raw/2018_WO2018172250_raw.xlsx,Sheet1,321,IC50,enzyme,μM,20,SCL_CONC_V1,1
322,egfr_ic50,,>2.00E-5,2e-05,M,gt,raw/2018_WO2018172250_raw.xlsx,Sheet1,322,IC50,enzyme,μM,20,SCL_CONC_V1,1
323,egfr_ic50,,>2.00E-5,2e-05,M,gt,raw/2018_WO2018172250_raw.xlsx,Sheet1,323,IC50,enzyme,μM,20,SCL_CONC_V1,1
324,egfr_ic50,,>2.00E-5,2e-05,M,gt,raw/2018_WO2018172250_raw.xlsx,Sheet1,324,IC50,enzyme,μM,20,SCL_CONC_V1,1
325,egfr_ic50,,>2.00E-5,2e-05,M,gt,raw/2018_WO2018172250_raw.xlsx,Sheet1,325,IC50,enzyme,μM,20,SCL_CONC_V1,1
326,egfr_ic50,,>2.00E-5,2e-05,M,gt,raw/2018_WO2018172250_raw.xlsx,Sheet1,326,IC50,enzyme,μM,20,SCL_CONC_V1,1
327,egfr_ic50,,>2.00E-5,2e-05,M,gt,raw/2018_WO2018172250_raw.xlsx,Sheet1,327,IC50,enzyme,μM,20,SCL_CONC_V1,1
328,egfr_ic50,,>2.00E-5,2e-05,M,gt,raw/2018_WO2018172250_raw.xlsx,Sheet1,328,IC50,enzyme,μM,20,SCL_CONC_V1,1
329,egfr_ic50,,>2.00E-5,2e-05,M,gt,raw/2018_WO2018172250_raw.xlsx,Sheet1,329,IC50,enzyme,μM,20,SCL_CONC_V1,1
330,egfr_ic50,,>2.00E-5,2e-05,M,gt,raw/2018_WO2018172250_raw.xlsx,Sheet1,330,IC50,enzyme,μM,20,SCL_CONC_V1,1
331,egfr_ic50,,>2.00E-5,2e-05,M,gt,raw/2018_WO2018172250_raw.xlsx,Sheet1,331,IC50,enzyme,μM,20,SCL_CONC_V1,1
332,egfr_ic50,,>2.00E-5,2e-05,M,gt,raw/2018_WO2018172250_raw.xlsx,Sheet1,332,IC50,enzyme,μM,20,SCL_CONC_V1,1
333,egfr_ic50,,1.64e-05,1.64e-05,M,,raw/2018_WO2018172250_raw.xlsx,Sheet1,333,IC50,enzyme,μM,16.4,SCL_CONC_V1,1
334,egfr_ic50,,>2.00E-5,2e-05,M,gt,raw/2018_WO2018172250_raw.xlsx,Sheet1,334,IC50,enzyme,μM,20,SCL_CONC_V1,1
335,egfr_ic50,,>2.00E-5,2e-05,M,gt,raw/2018_WO2018172250_raw.xlsx,Sheet1,335,IC50,enzyme,μM,20,SCL_CONC_V1,1
336,egfr_ic50,,>2.00E-5,2e-05,M,gt,raw/2018_WO2018172250_raw.xlsx,Sheet1,336,IC50,enzyme,μM,20,SCL_CONC_V1,1
337,egfr_ic50,,>2.00E-5,2e-05,M,gt,raw/2018_WO2018172250_raw.xlsx,Sheet1,337,IC50,enzyme,μM,20,SCL_CONC_V1,1
338,egfr_ic50,,>2.00E-5,2e-05,M,gt,raw/2018_WO2018172250_raw.xlsx,Sheet1,338,IC50,enzyme,μM,20,SCL_CONC_V1,1
339,egfr_ic50,,>2.00E-5,2e-05,M,gt,raw/2018_WO2018172250_raw.xlsx,Sheet1,339,IC50,enzyme,μM,20,SCL_CONC_V1,1
340,egfr_ic50,,>2.00E-5,2e-05,M,gt,raw/2018_WO2018172250_raw.xlsx,Sheet1,340,IC50,enzyme,μM,20,SCL_CONC_V1,1
341,egfr_ic50,,>2.00E-5,2e-05,M,gt,raw/2018_WO2018172250_raw.xlsx,Sheet1,341,IC50,enzyme,μM,20,SCL_CONC_V1,1
342,egfr_ic50,,>2.00E-5,2e-05,M,gt,raw/2018_WO2018172250_raw.xlsx,Sheet1,342,IC50,enzyme,μM,20,SCL_CONC_V1,1
343,egfr_ic50,,>2.00E-5,2e-05,M,gt,raw/2018_WO2018172250_raw.xlsx,Sheet1,343,IC50,enzyme,μM,20,SCL_CONC_V1,1
344,egfr_ic50,,>2.00E-5,2e-05,M,gt,raw/2018_WO2018172250_raw.xlsx,Sheet1,344,IC50,enzyme,μM,20,SCL_CONC_V1,1
345,egfr_ic50,,>2.00E-5,2e-05,M,gt,raw/2018_WO2018172250_raw.xlsx,Sheet1,345,IC50,enzyme,μM,20,SCL_CONC_V1,1
346,egfr_ic50,,>2.00E-5,2e-05,M,gt,raw/2018_WO2018172250_raw.xlsx,Sheet1,346,IC50,enzyme,μM,20,SCL_CONC_V1,1
347,egfr_ic50,,>2.00E-5,2e-05,M,gt,raw/2018_WO2018172250_raw.xlsx,Sheet1,347,IC50,enzyme,μM,20,SCL_CONC_V1,1
348,egfr_ic50,,>2.00E-5,2e-05,M,gt,raw/2018_WO2018172250_raw.xlsx,Sheet1,348,IC50,enzyme,μM,20,SCL_CONC_V1,1
349,egfr_ic50,,>2.00E-5,2e-05,M,gt,raw/2018_WO2018172250_raw.xlsx,Sheet1,349,IC50,enzyme,μM,20,SCL_CONC_V1,1
350,egfr_ic50,,>2.00E-5,2e-05,M,gt,raw/2018_WO2018172250_raw.xlsx,Sheet1,350,IC50,enzyme,μM,20,SCL_CONC_V1,1
351,egfr_ic50,,>2.00E-5,2e-05,M,gt,raw/2018_WO2018172250_raw.xlsx,Sheet1,351,IC50,enzyme,μM,20,SCL_CONC_V1,1
352,egfr_ic50,,>2.00E-5,2e-05,M,gt,raw/2018_WO2018172250_raw.xlsx,Sheet1,352,IC50,enzyme,μM,20,SCL_CONC_V1,1
353,egfr_ic50,,>2.00E-5,2e-05,M,gt,raw/2018_WO2018172250_raw.xlsx,Sheet1,353,IC50,enzyme,μM,20,SCL_CONC_V1,1
354,egfr_ic50,,>2.00E-5,2e-05,M,gt,raw/2018_WO2018172250_raw.xlsx,Sheet1,354,IC50,enzyme,μM,20,SCL_CONC_V1,1
355,egfr_ic50,,>2.00E-5,2e-05,M,gt,raw/2018_WO2018172250_raw.xlsx,Sheet1,355,IC50,enzyme,μM,20,SCL_CONC_V1,1
356,egfr_ic50,,>2.00E-5,2e-05,M,gt,raw/2018_WO2018172250_raw.xlsx,Sheet1,356,IC50,enzyme,μM,20,SCL_CONC_V1,1
357,egfr_ic50,,>2.00E-5,2e-05,M,gt,raw/2018_WO2018172250_raw.xlsx,Sheet1,357,IC50,enzyme,μM,20,SCL_CONC_V1,1
358,egfr_ic50,,>2.00E-5,2e-05,M,gt,raw/2018_WO2018172250_raw.xlsx,Sheet1,358,IC50,enzyme,μM,20,SCL_CONC_V1,1
359,egfr_ic50,,>2.00E-5,2e-05,M,gt,raw/2018_WO2018172250_raw.xlsx,Sheet1,359,IC50,enzyme,μM,20,SCL_CONC_V1,1
360,egfr_ic50,,>2.00E-5,2e-05,M,gt,raw/2018_WO2018172250_raw.xlsx,Sheet1,360,IC50,enzyme,μM,20,SCL_CONC_V1,1
361,egfr_ic50,,>2.00E-5,2e-05,M,gt,raw/2018_WO2018172250_raw.xlsx,Sheet1,361,IC50,enzyme,μM,20,SCL_CONC_V1,1
362,egfr_ic50,,>2.00E-5,2e-05,M,gt,raw/2018_WO2018172250_raw.xlsx,Sheet1,362,IC50,enzyme,μM,20,SCL_CONC_V1,1
363,egfr_ic50,,>2.00E-5,2e-05,M,gt,raw/2018_WO2018172250_raw.xlsx,Sheet1,363,IC50,enzyme,μM,20,SCL_CONC_V1,1
364,egfr_ic50,,>2.00E-5,2e-05,M,gt,raw/2018_WO2018172250_raw.xlsx,Sheet1,364,IC50,enzyme,μM,20,SCL_CONC_V1,1
365,egfr_ic50,,>2.00E-5,2e-05,M,gt,raw/2018_WO2018172250_raw.xlsx,Sheet1,365,IC50,enzyme,μM,20,SCL_CONC_V1,1
366,egfr_ic50,,>2.00E-5,2e-05,M,gt,raw/2018_WO2018172250_raw.xlsx,Sheet1,366,IC50,enzyme,μM,20,SCL_CONC_V1,1
367,egfr_ic50,,>2.00E-5,2e-05,M,gt,raw/2018_WO2018172250_raw.xlsx,Sheet1,367,IC50,enzyme,μM,20,SCL_CONC_V1,1
368,egfr_ic50,,>2.00E-5,2e-05,M,gt,raw/2018_WO2018172250_raw.xlsx,Sheet1,368,IC50,enzyme,μM,20,SCL_CONC_V1,1
369,egfr_ic50,,>2.00E-5,2e-05,M,gt,raw/2018_WO2018172250_raw.xlsx,Sheet1,369,IC50,enzyme,μM,20,SCL_CONC_V1,1
370,egfr_ic50,,>2.00E-5,2e-05,M,gt,raw/2018_WO2018172250_raw.xlsx,Sheet1,370,IC50,enzyme,μM,20,SCL_CONC_V1,1
371,egfr_ic50,,>2.00E-5,2e-05,M,gt,raw/2018_WO2018172250_raw.xlsx,Sheet1,371,IC50,enzyme,μM,20,SCL_CONC_V1,1
372,egfr_ic50,,>2.00E-5,2e-05,M,gt,raw/2018_WO2018172250_raw.xlsx,Sheet1,372,IC50,enzyme,μM,20,SCL_CONC_V1,1
373,egfr_ic50,,>2.00E-5,2e-05,M,gt,raw/2018_WO2018172250_raw.xlsx,Sheet1,373,IC50,enzyme,μM,20,SCL_CONC_V1,1
374,egfr_ic50,,>2.00E-5,2e-05,M,gt,raw/2018_WO2018172250_raw.xlsx,Sheet1,374,IC50,enzyme,μM,20,SCL_CONC_V1,1
375,egfr_ic50,,>2.00E-5,2e-05,M,gt,raw/2018_WO2018172250_raw.xlsx,Sheet1,375,IC50,enzyme,μM,20,SCL_CONC_V1,1
376,egfr_ic50,,>2.00E-5,2e-05,M,gt,raw/2018_WO2018172250_raw.xlsx,Sheet1,376,IC50,enzyme,μM,20,SCL_CONC_V1,1
377,egfr_ic50,,>2.00E-5,2e-05,M,gt,raw/2018_WO2018172250_raw.xlsx,Sheet1,377,IC50,enzyme,μM,20,SCL_CONC_V1,1
378,egfr_ic50,,>2.00E-5,2e-05,M,gt,raw/2018_WO2018172250_raw.xlsx,Sheet1,378,IC50,enzyme,μM,20,SCL_CONC_V1,1
379,egfr_ic50,,>2.00E-5,2e-05,M,gt,raw/2018_WO2018172250_raw.xlsx,Sheet1,379,IC50,enzyme,μM,20,SCL_CONC_V1,1
380,egfr_ic50,,>2.00E-5,2e-05,M,gt,raw/2018_WO2018172250_raw.xlsx,Sheet1,380,IC50,enzyme,μM,20,SCL_CONC_V1,1
381,egfr_ic50,,>2.00E-5,2e-05,M,gt,raw/2018_WO2018172250_raw.xlsx,Sheet1,381,IC50,enzyme,μM,20,SCL_CONC_V1,1
382,egfr_ic50,,>2.00E-5,2e-05,M,gt,raw/2018_WO2018172250_raw.xlsx,Sheet1,382,IC50,enzyme,μM,20,SCL_CONC_V1,1
383,egfr_ic50,,>2.00E-5,2e-05,M,gt,raw/2018_WO2018172250_raw.xlsx,Sheet1,383,IC50,enzyme,μM,20,SCL_CONC_V1,1
384,egfr_ic50,,n.d.,,M,,raw/2018_WO2018172250_raw.xlsx,Sheet1,384,IC50,enzyme,μM,,SCL_CONC_V1,1
385,egfr_ic50,,n.d.,,M,,raw/2018_WO2018172250_raw.xlsx,Sheet1,385,IC50,enzyme,μM,,SCL_CONC_V1,1
386,egfr_ic50,,n.d.,,M,,raw/2018_WO2018172250_raw.xlsx,Sheet1,386,IC50,enzyme,μM,,SCL_CONC_V1,1
387,egfr_ic50,,>2.00E-5,2e-05,M,gt,raw/2018_WO2018172250_raw.xlsx,Sheet1,387,IC50,enzyme,μM,20,SCL_CONC_V1,1
388,egfr_ic50,,>2.00E-5,2e-05,M,gt,raw/2018_WO2018172250_raw.xlsx,Sheet1,388,IC50,enzyme,μM,20,SCL_CONC_V1,1
389,egfr_ic50,,>2.00E-5,2e-05,M,gt,raw/2018_WO2018172250_raw.xlsx,Sheet1,389,IC50,enzyme,μM,20,SCL_CONC_V1,1
390,egfr_ic50,,>2.00E-5,2e-05,M,gt,raw/2018_WO2018172250_raw.xlsx,Sheet1,390,IC50,enzyme,μM,20,SCL_CONC_V1,1
391,egfr_ic50,,>2.00E-5,2e-05,M,gt,raw/2018_WO2018172250_raw.xlsx,Sheet1,391,IC50,enzyme,μM,20,SCL_CONC_V1,1
392,egfr_ic50,,>2.00E-5,2e-05,M,gt,raw/2018_WO2018172250_raw.xlsx,Sheet1,392,IC50,enzyme,μM,20,SCL_CONC_V1,1
393,egfr_ic50,,>2.00E-5,2e-05,M,gt,raw/2018_WO2018172250_raw.xlsx,Sheet1,393,IC50,enzyme,μM,20,SCL_CONC_V1,1
394,egfr_ic50,,>2.00E-5,2e-05,M,gt,raw/2018_WO2018172250_raw.xlsx,Sheet1,394,IC50,enzyme,μM,20,SCL_CONC_V1,1
395,egfr_ic50,,7.07e-06,7.07e-06,M,,raw/2018_WO2018172250_raw.xlsx,Sheet1,395,IC50,enzyme,μM,7.07,SCL_CONC_V1,1
396,egfr_ic50,,>2.00E-5,2e-05,M,gt,raw/2018_WO2018172250_raw.xlsx,Sheet1,396,IC50,enzyme,μM,20,SCL_CONC_V1,1
397,egfr_ic50,,>2.00E-5,2e-05,M,gt,raw/2018_WO2018172250_raw.xlsx,Sheet1,397,IC50,enzyme,μM,20,SCL_CONC_V1,1
398,egfr_ic50,,>2.00E-5,2e-05,M,gt,raw/2018_WO2018172250_raw.xlsx,Sheet1,398,IC50,enzyme,μM,20,SCL_CONC_V1,1
399,egfr_ic50,,>2.00E-5,2e-05,M,gt,raw/2018_WO2018172250_raw.xlsx,Sheet1,399,IC50,enzyme,μM,20,SCL_CONC_V1,1
400,egfr_ic50,,>2.00E-5,2e-05,M,gt,raw/2018_WO2018172250_raw.xlsx,Sheet1,400,IC50,enzyme,μM,20,SCL_CONC_V1,1
401,egfr_ic50,,>2.00E-5,2e-05,M,gt,raw/2018_WO2018172250_raw.xlsx,Sheet1,401,IC50,enzyme,μM,20,SCL_CONC_V1,1
402,egfr_ic50,,>2.00E-5,2e-05,M,gt,raw/2018_WO2018172250_raw.xlsx,Sheet1,402,IC50,enzyme,μM,20,SCL_CONC_V1,1
403,egfr_ic50,,>2.00E-5,2e-05,M,gt,raw/2018_WO2018172250_raw.xlsx,Sheet1,403,IC50,enzyme,μM,20,SCL_CONC_V1,1
404,egfr_ic50,,>2.00E-5,2e-05,M,gt,raw/2018_WO2018172250_raw.xlsx,Sheet1,404,IC50,enzyme,μM,20,SCL_CONC_V1,1
405,egfr_ic50,,>2.00E-5,2e-05,M,gt,raw/2018_WO2018172250_raw.xlsx,Sheet1,405,IC50,enzyme,μM,20,SCL_CONC_V1,1
406,egfr_ic50,,>2.00E-5,2e-05,M,gt,raw/2018_WO2018172250_raw.xlsx,Sheet1,406,IC50,enzyme,μM,20,SCL_CONC_V1,1
407,egfr_ic50,,>2.00E-5,2e-05,M,gt,raw/2018_WO2018172250_raw.xlsx,Sheet1,407,IC50,enzyme,μM,20,SCL_CONC_V1,1
408,egfr_ic50,,>2.00E-5,2e-05,M,gt,raw/2018_WO2018172250_raw.xlsx,Sheet1,408,IC50,enzyme,μM,20,SCL_CONC_V1,1
409,egfr_ic50,,>2.00E-5,2e-05,M,gt,raw/2018_WO2018172250_raw.xlsx,Sheet1,409,IC50,enzyme,μM,20,SCL_CONC_V1,1
410,egfr_ic50,,>2.00E-5,2e-05,M,gt,raw/2018_WO2018172250_raw.xlsx,Sheet1,410,IC50,enzyme,μM,20,SCL_CONC_V1,1
411,egfr_ic50,,>2.00E-5,2e-05,M,gt,raw/2018_WO2018172250_raw.xlsx,Sheet1,411,IC50,enzyme,μM,20,SCL_CONC_V1,1
412,egfr_ic50,,n.d.,,M,,raw/2018_WO2018172250_raw.xlsx,Sheet1,412,IC50,enzyme,μM,,SCL_CONC_V1,1
413,egfr_ic50,,>2.00E-5,2e-05,M,gt,raw/2018_WO2018172250_raw.xlsx,Sheet1,413,IC50,enzyme,μM,20,SCL_CONC_V1,1
414,egfr_ic50,,>2.00E-5,2e-05,M,gt,raw/2018_WO2018172250_raw.xlsx,Sheet1,414,IC50,enzyme,μM,20,SCL_CONC_V1,1
415,egfr_ic50,,nan,,M,,raw/2018_WO2018172250_raw.xlsx,Sheet1,415,IC50,enzyme,μM,,SCL_CONC_V1,1
416,egfr_ic50,,>2.00E-5,2e-05,M,gt,raw/2018_WO2018172250_raw.xlsx,Sheet1,416,IC50,enzyme,μM,20,SCL_CONC_V1,1
417,egfr_ic50,,>2.00E-5,2e-05,M,gt,raw/2018_WO2018172250_raw.xlsx,Sheet1,417,IC50,enzyme,μM,20,SCL_CONC_V1,1
418,egfr_ic50,,>2.00E-5,2e-05,M,gt,raw/2018_WO2018172250_raw.xlsx,Sheet1,418,IC50,enzyme,μM,20,SCL_CONC_V1,1
419,egfr_ic50,,>2.00E-5,2e-05,M,gt,raw/2018_WO2018172250_raw.xlsx,Sheet1,419,IC50,enzyme,μM,20,SCL_CONC_V1,1
420,egfr_ic50,,>2.00E-5,2e-05,M,gt,raw/2018_WO2018172250_raw.xlsx,Sheet1,420,IC50,enzyme,μM,20,SCL_CONC_V1,1
421,egfr_ic50,,>2.00E-5,2e-05,M,gt,raw/2018_WO2018172250_raw.xlsx,Sheet1,421,IC50,enzyme,μM,20,SCL_CONC_V1,1
422,egfr_ic50,,>2.00E-5,2e-05,M,gt,raw/2018_WO2018172250_raw.xlsx,Sheet1,422,IC50,enzyme,μM,20,SCL_CONC_V1,1
423,egfr_ic50,,>2.00E-5,2e-05,M,gt,raw/2018_WO2018172250_raw.xlsx,Sheet1,423,IC50,enzyme,μM,20,SCL_CONC_V1,1
424,egfr_ic50,,>2.00E-5,2e-05,M,gt,raw/2018_WO2018172250_raw.xlsx,Sheet1,424,IC50,enzyme,μM,20,SCL_CONC_V1,1
425,egfr_ic50,,>2.00E-5,2e-05,M,gt,raw/2018_WO2018172250_raw.xlsx,Sheet1,425,IC50,enzyme,μM,20,SCL_CONC_V1,1
426,egfr_ic50,,4.95e-06,4.95e-06,M,,raw/2018_WO2018172250_raw.xlsx,Sheet1,426,IC50,enzyme,μM,4.95,SCL_CONC_V1,1
427,egfr_ic50,,>2.00E-5,2e-05,M,gt,raw/2018_WO2018172250_raw.xlsx,Sheet1,427,IC50,enzyme,μM,20,SCL_CONC_V1,1
428,egfr_ic50,,>2.00E-5,2e-05,M,gt,raw/2018_WO2018172250_raw.xlsx,Sheet1,428,IC50,enzyme,μM,20,SCL_CONC_V1,1
429,egfr_ic50,,>2.00E-5,2e-05,M,gt,raw/2018_WO2018172250_raw.xlsx,Sheet1,429,IC50,enzyme,μM,20,SCL_CONC_V1,1
430,egfr_ic50,,>2.00E-5,2e-05,M,gt,raw/2018_WO2018172250_raw.xlsx,Sheet1,430,IC50,enzyme,μM,20,SCL_CONC_V1,1
431,egfr_ic50,,>2.00E-5,2e-05,M,gt,raw/2018_WO2018172250_raw.xlsx,Sheet1,431,IC50,enzyme,μM,20,SCL_CONC_V1,1
432,egfr_ic50,,>2.00E-5,2e-05,M,gt,raw/2018_WO2018172250_raw.xlsx,Sheet1,432,IC50,enzyme,μM,20,SCL_CONC_V1,1
433,egfr_ic50,,>2.00E-5,2e-05,M,gt,raw/2018_WO2018172250_raw.xlsx,Sheet1,433,IC50,enzyme,μM,20,SCL_CONC_V1,1
434,egfr_ic50,,1.68e-05,1.68e-05,M,,raw/2018_WO2018172250_raw.xlsx,Sheet1,434,IC50,enzyme,μM,16.8,SCL_CONC_V1,1
435,egfr_ic50,,>2.00E-5,2e-05,M,gt,raw/2018_WO2018172250_raw.xlsx,Sheet1,435,IC50,enzyme,μM,20,SCL_CONC_V1,1
436,egfr_ic50,,>2.00E-5,2e-05,M,gt,raw/2018_WO2018172250_raw.xlsx,Sheet1,436,IC50,enzyme,μM,20,SCL_CONC_V1,1
437,egfr_ic50,,>2.00E-5,2e-05,M,gt,raw/2018_WO2018172250_raw.xlsx,Sheet1,437,IC50,enzyme,μM,20,SCL_CONC_V1,1
438,egfr_ic50,,>2.00E-5,2e-05,M,gt,raw/2018_WO2018172250_raw.xlsx,Sheet1,438,IC50,enzyme,μM,20,SCL_CONC_V1,1
439,egfr_ic50,,>2.00E-5,2e-05,M,gt,raw/2018_WO2018172250_raw.xlsx,Sheet1,439,IC50,enzyme,μM,20,SCL_CONC_V1,1
440,egfr_ic50,,>2.00E-5,2e-05,M,gt,raw/2018_WO2018172250_raw.xlsx,Sheet1,440,IC50,enzyme,μM,20,SCL_CONC_V1,1
441,egfr_ic50,,>2.00E-5,2e-05,M,gt,raw/2018_WO2018172250_raw.xlsx,Sheet1,441,IC50,enzyme,μM,20,SCL_CONC_V1,1
442,egfr_ic50,,>2.00E-5,2e-05,M,gt,raw/2018_WO2018172250_raw.xlsx,Sheet1,442,IC50,enzyme,μM,20,SCL_CONC_V1,1
443,egfr_ic50,,>2.00E-5,2e-05,M,gt,raw/2018_WO2018172250_raw.xlsx,Sheet1,443,IC50,enzyme,μM,20,SCL_CONC_V1,1
444,egfr_ic50,,>2.00E-5,2e-05,M,gt,raw/2018_WO2018172250_raw.xlsx,Sheet1,444,IC50,enzyme,μM,20,SCL_CONC_V1,1
445,egfr_ic50,,>2.00E-5,2e-05,M,gt,raw/2018_WO2018172250_raw.xlsx,Sheet1,445,IC50,enzyme,μM,20,SCL_CONC_V1,1
446,egfr_ic50,,>2.00E-5,2e-05,M,gt,raw/2018_WO2018172250_raw.xlsx,Sheet1,446,IC50,enzyme,μM,20,SCL_CONC_V1,1
447,egfr_ic50,,>2.00E-5,2e-05,M,gt,raw/2018_WO2018172250_raw.xlsx,Sheet1,447,IC50,enzyme,μM,20,SCL_CONC_V1,1
448,egfr_ic50,,>2.00E-5,2e-05,M,gt,raw/2018_WO2018172250_raw.xlsx,Sheet1,448,IC50,enzyme,μM,20,SCL_CONC_V1,1
449,egfr_ic50,,>2.00E-5,2e-05,M,gt,raw/2018_WO2018172250_raw.xlsx,Sheet1,449,IC50,enzyme,μM,20,SCL_CONC_V1,1
450,egfr_ic50,,>2.00E-5,2e-05,M,gt,raw/2018_WO2018172250_raw.xlsx,Sheet1,450,IC50,enzyme,μM,20,SCL_CONC_V1,1
451,egfr_ic50,,>2.00E-5,2e-05,M,gt,raw/2018_WO2018172250_raw.xlsx,Sheet1,451,IC50,enzyme,μM,20,SCL_CONC_V1,1
452,egfr_ic50,,>2.00E-5,2e-05,M,gt,raw/2018_WO2018172250_raw.xlsx,Sheet1,452,IC50,enzyme,μM,20,SCL_CONC_V1,1
453,egfr_ic50,,>2.00E-5,2e-05,M,gt,raw/2018_WO2018172250_raw.xlsx,Sheet1,453,IC50,enzyme,μM,20,SCL_CONC_V1,1
454,egfr_ic50,,n.d.,,M,,raw/2018_WO2018172250_raw.xlsx,Sheet1,454,IC50,enzyme,μM,,SCL_CONC_V1,1
455,egfr_ic50,,>2.00E-5,2e-05,M,gt,raw/2018_WO2018172250_raw.xlsx,Sheet1,455,IC50,enzyme,μM,20,SCL_CONC_V1,1
456,egfr_ic50,,>2.00E-5,2e-05,M,gt,raw/2018_WO2018172250_raw.xlsx,Sheet1,456,IC50,enzyme,μM,20,SCL_CONC_V1,1
457,egfr_ic50,,>2.00E-5,2e-05,M,gt,raw/2018_WO2018172250_raw.xlsx,Sheet1,457,IC50,enzyme,μM,20,SCL_CONC_V1,1
458,egfr_ic50,,>2.00E-5,2e-05,M,gt,raw/2018_WO2018172250_raw.xlsx,Sheet1,458,IC50,enzyme,μM,20,SCL_CONC_V1,1
